,Gen,genInt,line,sex,Group,Rep,scenario,strategy
1,19,1,dam,F,home,3,0_0,GenGen
2,20,1,dam,M,home,3,0_0,GenGen
3,19,1,sire,F,home,3,0_0,GenGen
4,20,1,sire,M,home,3,0_0,GenGen
5,20,1,dam,F,home,3,0_0,GenGen
6,21,5.014440433213,dam,M,home,3,0_0,GenGen
7,20,1,sire,F,home,3,0_0,GenGen
8,21,7.95667870036101,sire,M,home,3,0_0,GenGen
9,21,4.20122109638867,dam,F,home,3,0_0,GenGen
10,22,4.96028880866426,dam,M,home,3,0_0,GenGen
11,21,6.20239023122889,sire,F,home,3,0_0,GenGen
12,22,8.07581227436823,sire,M,home,3,0_0,GenGen
13,22,4.18602234346584,dam,F,home,3,0_0,GenGen
14,23,5.02166064981949,dam,M,home,3,0_0,GenGen
15,22,6.26955053260587,sire,F,home,3,0_0,GenGen
16,23,8.014440433213,sire,M,home,3,0_0,GenGen
17,23,4.16250974279034,dam,F,home,3,0_0,GenGen
18,24,4.985559566787,dam,M,home,3,0_0,GenGen
19,23,5.89607690309171,sire,F,home,3,0_0,GenGen
20,24,7.86281588447653,sire,M,home,3,0_0,GenGen
21,24,4.0984671343206,dam,F,home,3,0_0,GenGen
22,25,5.05415162454874,dam,M,home,3,0_0,GenGen
23,24,5.94557027799428,sire,F,home,3,0_0,GenGen
24,25,8.04693140794224,sire,M,home,3,0_0,GenGen
25,25,4.05118212522733,dam,F,home,3,0_0,GenGen
26,26,4.97833935018051,dam,M,home,3,0_0,GenGen
27,25,5.87737074564822,sire,F,home,3,0_0,GenGen
28,26,7.96028880866426,sire,M,home,3,0_0,GenGen
29,26,4.06443232008314,dam,F,home,3,0_0,GenGen
30,27,4.97472924187726,dam,M,home,3,0_0,GenGen
31,26,5.97440893738633,sire,F,home,3,0_0,GenGen
32,27,8.14801444043321,sire,M,home,3,0_0,GenGen
33,27,4.13159262146012,dam,F,home,3,0_0,GenGen
34,28,5.03249097472924,dam,M,home,3,0_0,GenGen
35,27,5.88204728500909,sire,F,home,3,0_0,GenGen
36,28,8.04332129963899,sire,M,home,3,0_0,GenGen
37,28,4.11262665627436,dam,F,home,3,0_0,GenGen
38,29,4.95667870036101,dam,M,home,3,0_0,GenGen
39,28,5.79098467134321,sire,F,home,3,0_0,GenGen
40,29,7.92418772563177,sire,M,home,3,0_0,GenGen
41,29,4.12613665887244,dam,F,home,3,0_0,GenGen
42,30,4.985559566787,dam,M,home,3,0_0,GenGen
43,29,5.79488178747727,sire,F,home,3,0_0,GenGen
44,30,8,sire,M,home,3,0_0,GenGen
45,30,4.13211223694466,dam,F,home,3,0_0,GenGen
46,31,4.99638989169675,dam,M,home,3,0_0,GenGen
47,30,5.73044946739413,sire,F,home,3,0_0,GenGen
48,31,7.94584837545126,sire,M,home,3,0_0,GenGen
49,31,4.07989088074825,dam,F,home,3,0_0,GenGen
50,32,5.01083032490975,dam,M,home,3,0_0,GenGen
51,31,5.96050922317485,sire,F,home,3,0_0,GenGen
52,32,7.9783393501805,sire,M,home,3,0_0,GenGen
53,32,4.07820213042349,dam,F,home,3,0_0,GenGen
54,33,4.94945848375451,dam,M,home,3,0_0,GenGen
55,32,5.94154325798909,sire,F,home,3,0_0,GenGen
56,33,7.87364620938628,sire,M,home,3,0_0,GenGen
57,33,4.09677838399584,dam,F,home,3,0_0,GenGen
58,34,4.97472924187726,dam,M,home,3,0_0,GenGen
59,33,5.89633671083398,sire,F,home,3,0_0,GenGen
60,34,7.7942238267148,sire,M,home,3,0_0,GenGen
61,34,4.08846453624318,dam,F,home,3,0_0,GenGen
62,35,4.95306859205776,dam,M,home,3,0_0,GenGen
63,34,5.84112756560145,sire,F,home,3,0_0,GenGen
64,35,7.94223826714801,sire,M,home,3,0_0,GenGen
65,35,4.09664848012471,dam,F,home,3,0_0,GenGen
66,36,5.00361010830325,dam,M,home,3,0_0,GenGen
67,35,5.8398285268901,sire,F,home,3,0_0,GenGen
68,36,8.07220216606498,sire,M,home,3,0_0,GenGen
69,36,4.10132501948558,dam,F,home,3,0_0,GenGen
70,37,5.02527075812274,dam,M,home,3,0_0,GenGen
71,36,5.82579890880748,sire,F,home,3,0_0,GenGen
72,37,7.95667870036101,sire,M,home,3,0_0,GenGen
73,37,4.10496232787737,dam,F,home,3,0_0,GenGen
74,38,5.02527075812274,dam,M,home,3,0_0,GenGen
75,37,5.91023642504547,sire,F,home,3,0_0,GenGen
76,38,7.9927797833935,sire,M,home,3,0_0,GenGen
77,38,4.10041569238763,dam,F,home,3,0_0,GenGen
78,39,5.014440433213,dam,M,home,3,0_0,GenGen
79,38,5.87996882307093,sire,F,home,3,0_0,GenGen
80,39,8.08303249097473,sire,M,home,3,0_0,GenGen
81,58,4.07534424525851,dam,F,home,3,0_0,GenGen
82,59,4.98550724637681,dam,M,home,3,0_0,GenGen
83,58,3.79137438295661,sire,F,home,3,0_0,GenGen
84,59,4,sire,M,home,3,0_0,GenGen
85,19,1,dam,F,import,3,0_0,GenGen
86,20,1,dam,M,import,3,0_0,GenGen
87,19,1,sire,F,import,3,0_0,GenGen
88,20,1,sire,M,import,3,0_0,GenGen
89,20,1,dam,F,import,3,0_0,GenGen
90,21,5.014440433213,dam,M,import,3,0_0,GenGen
91,20,1,sire,F,import,3,0_0,GenGen
92,21,7.95667870036101,sire,M,import,3,0_0,GenGen
93,21,4.20122109638867,dam,F,import,3,0_0,GenGen
94,22,4.96028880866426,dam,M,import,3,0_0,GenGen
95,21,6.20239023122889,sire,F,import,3,0_0,GenGen
96,22,8.07581227436823,sire,M,import,3,0_0,GenGen
97,22,4.18602234346584,dam,F,import,3,0_0,GenGen
98,23,5.02166064981949,dam,M,import,3,0_0,GenGen
99,22,6.26955053260587,sire,F,import,3,0_0,GenGen
100,23,8.014440433213,sire,M,import,3,0_0,GenGen
101,23,4.16250974279034,dam,F,import,3,0_0,GenGen
102,24,4.985559566787,dam,M,import,3,0_0,GenGen
103,23,5.89607690309171,sire,F,import,3,0_0,GenGen
104,24,7.86281588447653,sire,M,import,3,0_0,GenGen
105,24,4.0984671343206,dam,F,import,3,0_0,GenGen
106,25,5.05415162454874,dam,M,import,3,0_0,GenGen
107,24,5.94557027799428,sire,F,import,3,0_0,GenGen
108,25,8.04693140794224,sire,M,import,3,0_0,GenGen
109,25,4.05118212522733,dam,F,import,3,0_0,GenGen
110,26,4.97833935018051,dam,M,import,3,0_0,GenGen
111,25,5.87737074564822,sire,F,import,3,0_0,GenGen
112,26,7.96028880866426,sire,M,import,3,0_0,GenGen
113,26,4.06443232008314,dam,F,import,3,0_0,GenGen
114,27,4.97472924187726,dam,M,import,3,0_0,GenGen
115,26,5.97440893738633,sire,F,import,3,0_0,GenGen
116,27,8.14801444043321,sire,M,import,3,0_0,GenGen
117,27,4.13159262146012,dam,F,import,3,0_0,GenGen
118,28,5.03249097472924,dam,M,import,3,0_0,GenGen
119,27,5.88204728500909,sire,F,import,3,0_0,GenGen
120,28,8.04332129963899,sire,M,import,3,0_0,GenGen
121,28,4.11262665627436,dam,F,import,3,0_0,GenGen
122,29,4.95667870036101,dam,M,import,3,0_0,GenGen
123,28,5.79098467134321,sire,F,import,3,0_0,GenGen
124,29,7.92418772563177,sire,M,import,3,0_0,GenGen
125,29,4.12613665887244,dam,F,import,3,0_0,GenGen
126,30,4.985559566787,dam,M,import,3,0_0,GenGen
127,29,5.79488178747727,sire,F,import,3,0_0,GenGen
128,30,8,sire,M,import,3,0_0,GenGen
129,30,4.13211223694466,dam,F,import,3,0_0,GenGen
130,31,4.99638989169675,dam,M,import,3,0_0,GenGen
131,30,5.73044946739413,sire,F,import,3,0_0,GenGen
132,31,7.94584837545126,sire,M,import,3,0_0,GenGen
133,31,4.07989088074825,dam,F,import,3,0_0,GenGen
134,32,5.01083032490975,dam,M,import,3,0_0,GenGen
135,31,5.96050922317485,sire,F,import,3,0_0,GenGen
136,32,7.9783393501805,sire,M,import,3,0_0,GenGen
137,32,4.07820213042349,dam,F,import,3,0_0,GenGen
138,33,4.94945848375451,dam,M,import,3,0_0,GenGen
139,32,5.94154325798909,sire,F,import,3,0_0,GenGen
140,33,7.87364620938628,sire,M,import,3,0_0,GenGen
141,33,4.09677838399584,dam,F,import,3,0_0,GenGen
142,34,4.97472924187726,dam,M,import,3,0_0,GenGen
143,33,5.89633671083398,sire,F,import,3,0_0,GenGen
144,34,7.7942238267148,sire,M,import,3,0_0,GenGen
145,34,4.08846453624318,dam,F,import,3,0_0,GenGen
146,35,4.95306859205776,dam,M,import,3,0_0,GenGen
147,34,5.84112756560145,sire,F,import,3,0_0,GenGen
148,35,7.94223826714801,sire,M,import,3,0_0,GenGen
149,35,4.09664848012471,dam,F,import,3,0_0,GenGen
150,36,5.00361010830325,dam,M,import,3,0_0,GenGen
151,35,5.8398285268901,sire,F,import,3,0_0,GenGen
152,36,8.07220216606498,sire,M,import,3,0_0,GenGen
153,36,4.10132501948558,dam,F,import,3,0_0,GenGen
154,37,5.02527075812274,dam,M,import,3,0_0,GenGen
155,36,5.82579890880748,sire,F,import,3,0_0,GenGen
156,37,7.95667870036101,sire,M,import,3,0_0,GenGen
157,37,4.10496232787737,dam,F,import,3,0_0,GenGen
158,38,5.02527075812274,dam,M,import,3,0_0,GenGen
159,37,5.91023642504547,sire,F,import,3,0_0,GenGen
160,38,7.9927797833935,sire,M,import,3,0_0,GenGen
161,38,4.10041569238763,dam,F,import,3,0_0,GenGen
162,39,5.014440433213,dam,M,import,3,0_0,GenGen
163,38,5.87996882307093,sire,F,import,3,0_0,GenGen
164,39,8.08303249097473,sire,M,import,3,0_0,GenGen
165,58,4.07534424525851,dam,F,import,3,0_0,GenGen
166,59,4.98550724637681,dam,M,import,3,0_0,GenGen
167,58,3.79137438295661,sire,F,import,3,0_0,GenGen
168,59,4,sire,M,import,3,0_0,GenGen
169,19,1,dam,F,home,3,100_100,GenGen
170,20,1,dam,M,home,3,100_100,GenGen
171,19,1,sire,F,home,3,100_100,GenGen
172,20,1,sire,M,home,3,100_100,GenGen
173,20,1,dam,F,home,3,100_100,GenGen
174,21,5.014440433213,dam,M,home,3,100_100,GenGen
175,20,1,sire,F,home,3,100_100,GenGen
176,21,7.95667870036101,sire,M,home,3,100_100,GenGen
177,21,4.20122109638867,dam,F,home,3,100_100,GenGen
178,22,4.96028880866426,dam,M,home,3,100_100,GenGen
179,21,6.20239023122889,sire,F,home,3,100_100,GenGen
180,22,8.07581227436823,sire,M,home,3,100_100,GenGen
181,22,4.18602234346584,dam,F,home,3,100_100,GenGen
182,23,5.02166064981949,dam,M,home,3,100_100,GenGen
183,22,6.26955053260587,sire,F,home,3,100_100,GenGen
184,23,8.014440433213,sire,M,home,3,100_100,GenGen
185,23,4.16250974279034,dam,F,home,3,100_100,GenGen
186,24,4.985559566787,dam,M,home,3,100_100,GenGen
187,23,5.89607690309171,sire,F,home,3,100_100,GenGen
188,24,7.86281588447653,sire,M,home,3,100_100,GenGen
189,24,4.0984671343206,dam,F,home,3,100_100,GenGen
190,25,5.05415162454874,dam,M,home,3,100_100,GenGen
191,24,5.94557027799428,sire,F,home,3,100_100,GenGen
192,25,8.04693140794224,sire,M,home,3,100_100,GenGen
193,25,4.05118212522733,dam,F,home,3,100_100,GenGen
194,26,4.97833935018051,dam,M,home,3,100_100,GenGen
195,25,5.87737074564822,sire,F,home,3,100_100,GenGen
196,26,7.96028880866426,sire,M,home,3,100_100,GenGen
197,26,4.06443232008314,dam,F,home,3,100_100,GenGen
198,27,4.97472924187726,dam,M,home,3,100_100,GenGen
199,26,5.97440893738633,sire,F,home,3,100_100,GenGen
200,27,8.14801444043321,sire,M,home,3,100_100,GenGen
201,27,4.13159262146012,dam,F,home,3,100_100,GenGen
202,28,5.03249097472924,dam,M,home,3,100_100,GenGen
203,27,5.88204728500909,sire,F,home,3,100_100,GenGen
204,28,8.04332129963899,sire,M,home,3,100_100,GenGen
205,28,4.11262665627436,dam,F,home,3,100_100,GenGen
206,29,4.95667870036101,dam,M,home,3,100_100,GenGen
207,28,5.79098467134321,sire,F,home,3,100_100,GenGen
208,29,7.92418772563177,sire,M,home,3,100_100,GenGen
209,29,4.12613665887244,dam,F,home,3,100_100,GenGen
210,30,4.985559566787,dam,M,home,3,100_100,GenGen
211,29,5.79488178747727,sire,F,home,3,100_100,GenGen
212,30,8,sire,M,home,3,100_100,GenGen
213,30,4.13211223694466,dam,F,home,3,100_100,GenGen
214,31,4.99638989169675,dam,M,home,3,100_100,GenGen
215,30,5.73044946739413,sire,F,home,3,100_100,GenGen
216,31,7.94584837545126,sire,M,home,3,100_100,GenGen
217,31,4.07989088074825,dam,F,home,3,100_100,GenGen
218,32,5.01083032490975,dam,M,home,3,100_100,GenGen
219,31,5.96050922317485,sire,F,home,3,100_100,GenGen
220,32,7.9783393501805,sire,M,home,3,100_100,GenGen
221,32,4.07820213042349,dam,F,home,3,100_100,GenGen
222,33,4.94945848375451,dam,M,home,3,100_100,GenGen
223,32,5.94154325798909,sire,F,home,3,100_100,GenGen
224,33,7.87364620938628,sire,M,home,3,100_100,GenGen
225,33,4.09677838399584,dam,F,home,3,100_100,GenGen
226,34,4.97472924187726,dam,M,home,3,100_100,GenGen
227,33,5.89633671083398,sire,F,home,3,100_100,GenGen
228,34,7.7942238267148,sire,M,home,3,100_100,GenGen
229,34,4.08846453624318,dam,F,home,3,100_100,GenGen
230,35,4.95306859205776,dam,M,home,3,100_100,GenGen
231,34,5.84112756560145,sire,F,home,3,100_100,GenGen
232,35,7.94223826714801,sire,M,home,3,100_100,GenGen
233,35,4.09664848012471,dam,F,home,3,100_100,GenGen
234,36,5.00361010830325,dam,M,home,3,100_100,GenGen
235,35,5.8398285268901,sire,F,home,3,100_100,GenGen
236,36,8.07220216606498,sire,M,home,3,100_100,GenGen
237,36,4.10132501948558,dam,F,home,3,100_100,GenGen
238,37,5.02527075812274,dam,M,home,3,100_100,GenGen
239,36,5.82579890880748,sire,F,home,3,100_100,GenGen
240,37,7.95667870036101,sire,M,home,3,100_100,GenGen
241,37,4.10496232787737,dam,F,home,3,100_100,GenGen
242,38,5.02527075812274,dam,M,home,3,100_100,GenGen
243,37,5.91023642504547,sire,F,home,3,100_100,GenGen
244,38,7.9927797833935,sire,M,home,3,100_100,GenGen
245,38,4.10041569238763,dam,F,home,3,100_100,GenGen
246,39,5.014440433213,dam,M,home,3,100_100,GenGen
247,38,5.87996882307093,sire,F,home,3,100_100,GenGen
248,39,8.08303249097473,sire,M,home,3,100_100,GenGen
249,58,4.10756040530008,dam,F,home,3,100_100,GenGen
250,59,4.97391304347826,dam,M,home,3,100_100,GenGen
251,58,3.82592881267862,sire,F,home,3,100_100,GenGen
252,59,3.86666666666667,sire,M,home,3,100_100,GenGen
253,19,1,dam,F,import,3,100_100,GenGen
254,20,1,dam,M,import,3,100_100,GenGen
255,19,1,sire,F,import,3,100_100,GenGen
256,20,1,sire,M,import,3,100_100,GenGen
257,20,1,dam,F,import,3,100_100,GenGen
258,21,5.014440433213,dam,M,import,3,100_100,GenGen
259,20,1,sire,F,import,3,100_100,GenGen
260,21,7.95667870036101,sire,M,import,3,100_100,GenGen
261,21,4.20122109638867,dam,F,import,3,100_100,GenGen
262,22,4.96028880866426,dam,M,import,3,100_100,GenGen
263,21,6.20239023122889,sire,F,import,3,100_100,GenGen
264,22,8.07581227436823,sire,M,import,3,100_100,GenGen
265,22,4.18602234346584,dam,F,import,3,100_100,GenGen
266,23,5.02166064981949,dam,M,import,3,100_100,GenGen
267,22,6.26955053260587,sire,F,import,3,100_100,GenGen
268,23,8.014440433213,sire,M,import,3,100_100,GenGen
269,23,4.16250974279034,dam,F,import,3,100_100,GenGen
270,24,4.985559566787,dam,M,import,3,100_100,GenGen
271,23,5.89607690309171,sire,F,import,3,100_100,GenGen
272,24,7.86281588447653,sire,M,import,3,100_100,GenGen
273,24,4.0984671343206,dam,F,import,3,100_100,GenGen
274,25,5.05415162454874,dam,M,import,3,100_100,GenGen
275,24,5.94557027799428,sire,F,import,3,100_100,GenGen
276,25,8.04693140794224,sire,M,import,3,100_100,GenGen
277,25,4.05118212522733,dam,F,import,3,100_100,GenGen
278,26,4.97833935018051,dam,M,import,3,100_100,GenGen
279,25,5.87737074564822,sire,F,import,3,100_100,GenGen
280,26,7.96028880866426,sire,M,import,3,100_100,GenGen
281,26,4.06443232008314,dam,F,import,3,100_100,GenGen
282,27,4.97472924187726,dam,M,import,3,100_100,GenGen
283,26,5.97440893738633,sire,F,import,3,100_100,GenGen
284,27,8.14801444043321,sire,M,import,3,100_100,GenGen
285,27,4.13159262146012,dam,F,import,3,100_100,GenGen
286,28,5.03249097472924,dam,M,import,3,100_100,GenGen
287,27,5.88204728500909,sire,F,import,3,100_100,GenGen
288,28,8.04332129963899,sire,M,import,3,100_100,GenGen
289,28,4.11262665627436,dam,F,import,3,100_100,GenGen
290,29,4.95667870036101,dam,M,import,3,100_100,GenGen
291,28,5.79098467134321,sire,F,import,3,100_100,GenGen
292,29,7.92418772563177,sire,M,import,3,100_100,GenGen
293,29,4.12613665887244,dam,F,import,3,100_100,GenGen
294,30,4.985559566787,dam,M,import,3,100_100,GenGen
295,29,5.79488178747727,sire,F,import,3,100_100,GenGen
296,30,8,sire,M,import,3,100_100,GenGen
297,30,4.13211223694466,dam,F,import,3,100_100,GenGen
298,31,4.99638989169675,dam,M,import,3,100_100,GenGen
299,30,5.73044946739413,sire,F,import,3,100_100,GenGen
300,31,7.94584837545126,sire,M,import,3,100_100,GenGen
301,31,4.07989088074825,dam,F,import,3,100_100,GenGen
302,32,5.01083032490975,dam,M,import,3,100_100,GenGen
303,31,5.96050922317485,sire,F,import,3,100_100,GenGen
304,32,7.9783393501805,sire,M,import,3,100_100,GenGen
305,32,4.07820213042349,dam,F,import,3,100_100,GenGen
306,33,4.94945848375451,dam,M,import,3,100_100,GenGen
307,32,5.94154325798909,sire,F,import,3,100_100,GenGen
308,33,7.87364620938628,sire,M,import,3,100_100,GenGen
309,33,4.09677838399584,dam,F,import,3,100_100,GenGen
310,34,4.97472924187726,dam,M,import,3,100_100,GenGen
311,33,5.89633671083398,sire,F,import,3,100_100,GenGen
312,34,7.7942238267148,sire,M,import,3,100_100,GenGen
313,34,4.08846453624318,dam,F,import,3,100_100,GenGen
314,35,4.95306859205776,dam,M,import,3,100_100,GenGen
315,34,5.84112756560145,sire,F,import,3,100_100,GenGen
316,35,7.94223826714801,sire,M,import,3,100_100,GenGen
317,35,4.09664848012471,dam,F,import,3,100_100,GenGen
318,36,5.00361010830325,dam,M,import,3,100_100,GenGen
319,35,5.8398285268901,sire,F,import,3,100_100,GenGen
320,36,8.07220216606498,sire,M,import,3,100_100,GenGen
321,36,4.10132501948558,dam,F,import,3,100_100,GenGen
322,37,5.02527075812274,dam,M,import,3,100_100,GenGen
323,36,5.82579890880748,sire,F,import,3,100_100,GenGen
324,37,7.95667870036101,sire,M,import,3,100_100,GenGen
325,37,4.10496232787737,dam,F,import,3,100_100,GenGen
326,38,5.02527075812274,dam,M,import,3,100_100,GenGen
327,37,5.91023642504547,sire,F,import,3,100_100,GenGen
328,38,7.9927797833935,sire,M,import,3,100_100,GenGen
329,38,4.10041569238763,dam,F,import,3,100_100,GenGen
330,39,5.014440433213,dam,M,import,3,100_100,GenGen
331,38,5.87996882307093,sire,F,import,3,100_100,GenGen
332,39,8.08303249097473,sire,M,import,3,100_100,GenGen
333,58,4.10756040530008,dam,F,import,3,100_100,GenGen
334,59,4.97391304347826,dam,M,import,3,100_100,GenGen
335,58,3.82592881267862,sire,F,import,3,100_100,GenGen
336,59,3.86666666666667,sire,M,import,3,100_100,GenGen
337,19,1,dam,F,home,3,50_50,GenGen
338,20,1,dam,M,home,3,50_50,GenGen
339,19,1,sire,F,home,3,50_50,GenGen
340,20,1,sire,M,home,3,50_50,GenGen
341,20,1,dam,F,home,3,50_50,GenGen
342,21,5.014440433213,dam,M,home,3,50_50,GenGen
343,20,1,sire,F,home,3,50_50,GenGen
344,21,7.95667870036101,sire,M,home,3,50_50,GenGen
345,21,4.20122109638867,dam,F,home,3,50_50,GenGen
346,22,4.96028880866426,dam,M,home,3,50_50,GenGen
347,21,6.20239023122889,sire,F,home,3,50_50,GenGen
348,22,8.07581227436823,sire,M,home,3,50_50,GenGen
349,22,4.18602234346584,dam,F,home,3,50_50,GenGen
350,23,5.02166064981949,dam,M,home,3,50_50,GenGen
351,22,6.26955053260587,sire,F,home,3,50_50,GenGen
352,23,8.014440433213,sire,M,home,3,50_50,GenGen
353,23,4.16250974279034,dam,F,home,3,50_50,GenGen
354,24,4.985559566787,dam,M,home,3,50_50,GenGen
355,23,5.89607690309171,sire,F,home,3,50_50,GenGen
356,24,7.86281588447653,sire,M,home,3,50_50,GenGen
357,24,4.0984671343206,dam,F,home,3,50_50,GenGen
358,25,5.05415162454874,dam,M,home,3,50_50,GenGen
359,24,5.94557027799428,sire,F,home,3,50_50,GenGen
360,25,8.04693140794224,sire,M,home,3,50_50,GenGen
361,25,4.05118212522733,dam,F,home,3,50_50,GenGen
362,26,4.97833935018051,dam,M,home,3,50_50,GenGen
363,25,5.87737074564822,sire,F,home,3,50_50,GenGen
364,26,7.96028880866426,sire,M,home,3,50_50,GenGen
365,26,4.06443232008314,dam,F,home,3,50_50,GenGen
366,27,4.97472924187726,dam,M,home,3,50_50,GenGen
367,26,5.97440893738633,sire,F,home,3,50_50,GenGen
368,27,8.14801444043321,sire,M,home,3,50_50,GenGen
369,27,4.13159262146012,dam,F,home,3,50_50,GenGen
370,28,5.03249097472924,dam,M,home,3,50_50,GenGen
371,27,5.88204728500909,sire,F,home,3,50_50,GenGen
372,28,8.04332129963899,sire,M,home,3,50_50,GenGen
373,28,4.11262665627436,dam,F,home,3,50_50,GenGen
374,29,4.95667870036101,dam,M,home,3,50_50,GenGen
375,28,5.79098467134321,sire,F,home,3,50_50,GenGen
376,29,7.92418772563177,sire,M,home,3,50_50,GenGen
377,29,4.12613665887244,dam,F,home,3,50_50,GenGen
378,30,4.985559566787,dam,M,home,3,50_50,GenGen
379,29,5.79488178747727,sire,F,home,3,50_50,GenGen
380,30,8,sire,M,home,3,50_50,GenGen
381,30,4.13211223694466,dam,F,home,3,50_50,GenGen
382,31,4.99638989169675,dam,M,home,3,50_50,GenGen
383,30,5.73044946739413,sire,F,home,3,50_50,GenGen
384,31,7.94584837545126,sire,M,home,3,50_50,GenGen
385,31,4.07989088074825,dam,F,home,3,50_50,GenGen
386,32,5.01083032490975,dam,M,home,3,50_50,GenGen
387,31,5.96050922317485,sire,F,home,3,50_50,GenGen
388,32,7.9783393501805,sire,M,home,3,50_50,GenGen
389,32,4.07820213042349,dam,F,home,3,50_50,GenGen
390,33,4.94945848375451,dam,M,home,3,50_50,GenGen
391,32,5.94154325798909,sire,F,home,3,50_50,GenGen
392,33,7.87364620938628,sire,M,home,3,50_50,GenGen
393,33,4.09677838399584,dam,F,home,3,50_50,GenGen
394,34,4.97472924187726,dam,M,home,3,50_50,GenGen
395,33,5.89633671083398,sire,F,home,3,50_50,GenGen
396,34,7.7942238267148,sire,M,home,3,50_50,GenGen
397,34,4.08846453624318,dam,F,home,3,50_50,GenGen
398,35,4.95306859205776,dam,M,home,3,50_50,GenGen
399,34,5.84112756560145,sire,F,home,3,50_50,GenGen
400,35,7.94223826714801,sire,M,home,3,50_50,GenGen
401,35,4.09664848012471,dam,F,home,3,50_50,GenGen
402,36,5.00361010830325,dam,M,home,3,50_50,GenGen
403,35,5.8398285268901,sire,F,home,3,50_50,GenGen
404,36,8.07220216606498,sire,M,home,3,50_50,GenGen
405,36,4.10132501948558,dam,F,home,3,50_50,GenGen
406,37,5.02527075812274,dam,M,home,3,50_50,GenGen
407,36,5.82579890880748,sire,F,home,3,50_50,GenGen
408,37,7.95667870036101,sire,M,home,3,50_50,GenGen
409,37,4.10496232787737,dam,F,home,3,50_50,GenGen
410,38,5.02527075812274,dam,M,home,3,50_50,GenGen
411,37,5.91023642504547,sire,F,home,3,50_50,GenGen
412,38,7.9927797833935,sire,M,home,3,50_50,GenGen
413,38,4.10041569238763,dam,F,home,3,50_50,GenGen
414,39,5.014440433213,dam,M,home,3,50_50,GenGen
415,38,5.87996882307093,sire,F,home,3,50_50,GenGen
416,39,8.08303249097473,sire,M,home,3,50_50,GenGen
417,58,4.10782021304235,dam,F,home,3,50_50,GenGen
418,59,5.07246376811594,dam,M,home,3,50_50,GenGen
419,58,3.93998441153546,sire,F,home,3,50_50,GenGen
420,59,3.91304347826087,sire,M,home,3,50_50,GenGen
421,19,1,dam,F,import,3,50_50,GenGen
422,20,1,dam,M,import,3,50_50,GenGen
423,19,1,sire,F,import,3,50_50,GenGen
424,20,1,sire,M,import,3,50_50,GenGen
425,20,1,dam,F,import,3,50_50,GenGen
426,21,5.014440433213,dam,M,import,3,50_50,GenGen
427,20,1,sire,F,import,3,50_50,GenGen
428,21,7.95667870036101,sire,M,import,3,50_50,GenGen
429,21,4.20122109638867,dam,F,import,3,50_50,GenGen
430,22,4.96028880866426,dam,M,import,3,50_50,GenGen
431,21,6.20239023122889,sire,F,import,3,50_50,GenGen
432,22,8.07581227436823,sire,M,import,3,50_50,GenGen
433,22,4.18602234346584,dam,F,import,3,50_50,GenGen
434,23,5.02166064981949,dam,M,import,3,50_50,GenGen
435,22,6.26955053260587,sire,F,import,3,50_50,GenGen
436,23,8.014440433213,sire,M,import,3,50_50,GenGen
437,23,4.16250974279034,dam,F,import,3,50_50,GenGen
438,24,4.985559566787,dam,M,import,3,50_50,GenGen
439,23,5.89607690309171,sire,F,import,3,50_50,GenGen
440,24,7.86281588447653,sire,M,import,3,50_50,GenGen
441,24,4.0984671343206,dam,F,import,3,50_50,GenGen
442,25,5.05415162454874,dam,M,import,3,50_50,GenGen
443,24,5.94557027799428,sire,F,import,3,50_50,GenGen
444,25,8.04693140794224,sire,M,import,3,50_50,GenGen
445,25,4.05118212522733,dam,F,import,3,50_50,GenGen
446,26,4.97833935018051,dam,M,import,3,50_50,GenGen
447,25,5.87737074564822,sire,F,import,3,50_50,GenGen
448,26,7.96028880866426,sire,M,import,3,50_50,GenGen
449,26,4.06443232008314,dam,F,import,3,50_50,GenGen
450,27,4.97472924187726,dam,M,import,3,50_50,GenGen
451,26,5.97440893738633,sire,F,import,3,50_50,GenGen
452,27,8.14801444043321,sire,M,import,3,50_50,GenGen
453,27,4.13159262146012,dam,F,import,3,50_50,GenGen
454,28,5.03249097472924,dam,M,import,3,50_50,GenGen
455,27,5.88204728500909,sire,F,import,3,50_50,GenGen
456,28,8.04332129963899,sire,M,import,3,50_50,GenGen
457,28,4.11262665627436,dam,F,import,3,50_50,GenGen
458,29,4.95667870036101,dam,M,import,3,50_50,GenGen
459,28,5.79098467134321,sire,F,import,3,50_50,GenGen
460,29,7.92418772563177,sire,M,import,3,50_50,GenGen
461,29,4.12613665887244,dam,F,import,3,50_50,GenGen
462,30,4.985559566787,dam,M,import,3,50_50,GenGen
463,29,5.79488178747727,sire,F,import,3,50_50,GenGen
464,30,8,sire,M,import,3,50_50,GenGen
465,30,4.13211223694466,dam,F,import,3,50_50,GenGen
466,31,4.99638989169675,dam,M,import,3,50_50,GenGen
467,30,5.73044946739413,sire,F,import,3,50_50,GenGen
468,31,7.94584837545126,sire,M,import,3,50_50,GenGen
469,31,4.07989088074825,dam,F,import,3,50_50,GenGen
470,32,5.01083032490975,dam,M,import,3,50_50,GenGen
471,31,5.96050922317485,sire,F,import,3,50_50,GenGen
472,32,7.9783393501805,sire,M,import,3,50_50,GenGen
473,32,4.07820213042349,dam,F,import,3,50_50,GenGen
474,33,4.94945848375451,dam,M,import,3,50_50,GenGen
475,32,5.94154325798909,sire,F,import,3,50_50,GenGen
476,33,7.87364620938628,sire,M,import,3,50_50,GenGen
477,33,4.09677838399584,dam,F,import,3,50_50,GenGen
478,34,4.97472924187726,dam,M,import,3,50_50,GenGen
479,33,5.89633671083398,sire,F,import,3,50_50,GenGen
480,34,7.7942238267148,sire,M,import,3,50_50,GenGen
481,34,4.08846453624318,dam,F,import,3,50_50,GenGen
482,35,4.95306859205776,dam,M,import,3,50_50,GenGen
483,34,5.84112756560145,sire,F,import,3,50_50,GenGen
484,35,7.94223826714801,sire,M,import,3,50_50,GenGen
485,35,4.09664848012471,dam,F,import,3,50_50,GenGen
486,36,5.00361010830325,dam,M,import,3,50_50,GenGen
487,35,5.8398285268901,sire,F,import,3,50_50,GenGen
488,36,8.07220216606498,sire,M,import,3,50_50,GenGen
489,36,4.10132501948558,dam,F,import,3,50_50,GenGen
490,37,5.02527075812274,dam,M,import,3,50_50,GenGen
491,36,5.82579890880748,sire,F,import,3,50_50,GenGen
492,37,7.95667870036101,sire,M,import,3,50_50,GenGen
493,37,4.10496232787737,dam,F,import,3,50_50,GenGen
494,38,5.02527075812274,dam,M,import,3,50_50,GenGen
495,37,5.91023642504547,sire,F,import,3,50_50,GenGen
496,38,7.9927797833935,sire,M,import,3,50_50,GenGen
497,38,4.10041569238763,dam,F,import,3,50_50,GenGen
498,39,5.014440433213,dam,M,import,3,50_50,GenGen
499,38,5.87996882307093,sire,F,import,3,50_50,GenGen
500,39,8.08303249097473,sire,M,import,3,50_50,GenGen
501,58,4.10782021304235,dam,F,import,3,50_50,GenGen
502,59,5.07246376811594,dam,M,import,3,50_50,GenGen
503,58,3.93998441153546,sire,F,import,3,50_50,GenGen
504,59,3.91304347826087,sire,M,import,3,50_50,GenGen
505,19,1,dam,F,home,3,10_10,GenGen
506,20,1,dam,M,home,3,10_10,GenGen
507,19,1,sire,F,home,3,10_10,GenGen
508,20,1,sire,M,home,3,10_10,GenGen
509,20,1,dam,F,home,3,10_10,GenGen
510,21,5.014440433213,dam,M,home,3,10_10,GenGen
511,20,1,sire,F,home,3,10_10,GenGen
512,21,7.95667870036101,sire,M,home,3,10_10,GenGen
513,21,4.20122109638867,dam,F,home,3,10_10,GenGen
514,22,4.96028880866426,dam,M,home,3,10_10,GenGen
515,21,6.20239023122889,sire,F,home,3,10_10,GenGen
516,22,8.07581227436823,sire,M,home,3,10_10,GenGen
517,22,4.18602234346584,dam,F,home,3,10_10,GenGen
518,23,5.02166064981949,dam,M,home,3,10_10,GenGen
519,22,6.26955053260587,sire,F,home,3,10_10,GenGen
520,23,8.014440433213,sire,M,home,3,10_10,GenGen
521,23,4.16250974279034,dam,F,home,3,10_10,GenGen
522,24,4.985559566787,dam,M,home,3,10_10,GenGen
523,23,5.89607690309171,sire,F,home,3,10_10,GenGen
524,24,7.86281588447653,sire,M,home,3,10_10,GenGen
525,24,4.0984671343206,dam,F,home,3,10_10,GenGen
526,25,5.05415162454874,dam,M,home,3,10_10,GenGen
527,24,5.94557027799428,sire,F,home,3,10_10,GenGen
528,25,8.04693140794224,sire,M,home,3,10_10,GenGen
529,25,4.05118212522733,dam,F,home,3,10_10,GenGen
530,26,4.97833935018051,dam,M,home,3,10_10,GenGen
531,25,5.87737074564822,sire,F,home,3,10_10,GenGen
532,26,7.96028880866426,sire,M,home,3,10_10,GenGen
533,26,4.06443232008314,dam,F,home,3,10_10,GenGen
534,27,4.97472924187726,dam,M,home,3,10_10,GenGen
535,26,5.97440893738633,sire,F,home,3,10_10,GenGen
536,27,8.14801444043321,sire,M,home,3,10_10,GenGen
537,27,4.13159262146012,dam,F,home,3,10_10,GenGen
538,28,5.03249097472924,dam,M,home,3,10_10,GenGen
539,27,5.88204728500909,sire,F,home,3,10_10,GenGen
540,28,8.04332129963899,sire,M,home,3,10_10,GenGen
541,28,4.11262665627436,dam,F,home,3,10_10,GenGen
542,29,4.95667870036101,dam,M,home,3,10_10,GenGen
543,28,5.79098467134321,sire,F,home,3,10_10,GenGen
544,29,7.92418772563177,sire,M,home,3,10_10,GenGen
545,29,4.12613665887244,dam,F,home,3,10_10,GenGen
546,30,4.985559566787,dam,M,home,3,10_10,GenGen
547,29,5.79488178747727,sire,F,home,3,10_10,GenGen
548,30,8,sire,M,home,3,10_10,GenGen
549,30,4.13211223694466,dam,F,home,3,10_10,GenGen
550,31,4.99638989169675,dam,M,home,3,10_10,GenGen
551,30,5.73044946739413,sire,F,home,3,10_10,GenGen
552,31,7.94584837545126,sire,M,home,3,10_10,GenGen
553,31,4.07989088074825,dam,F,home,3,10_10,GenGen
554,32,5.01083032490975,dam,M,home,3,10_10,GenGen
555,31,5.96050922317485,sire,F,home,3,10_10,GenGen
556,32,7.9783393501805,sire,M,home,3,10_10,GenGen
557,32,4.07820213042349,dam,F,home,3,10_10,GenGen
558,33,4.94945848375451,dam,M,home,3,10_10,GenGen
559,32,5.94154325798909,sire,F,home,3,10_10,GenGen
560,33,7.87364620938628,sire,M,home,3,10_10,GenGen
561,33,4.09677838399584,dam,F,home,3,10_10,GenGen
562,34,4.97472924187726,dam,M,home,3,10_10,GenGen
563,33,5.89633671083398,sire,F,home,3,10_10,GenGen
564,34,7.7942238267148,sire,M,home,3,10_10,GenGen
565,34,4.08846453624318,dam,F,home,3,10_10,GenGen
566,35,4.95306859205776,dam,M,home,3,10_10,GenGen
567,34,5.84112756560145,sire,F,home,3,10_10,GenGen
568,35,7.94223826714801,sire,M,home,3,10_10,GenGen
569,35,4.09664848012471,dam,F,home,3,10_10,GenGen
570,36,5.00361010830325,dam,M,home,3,10_10,GenGen
571,35,5.8398285268901,sire,F,home,3,10_10,GenGen
572,36,8.07220216606498,sire,M,home,3,10_10,GenGen
573,36,4.10132501948558,dam,F,home,3,10_10,GenGen
574,37,5.02527075812274,dam,M,home,3,10_10,GenGen
575,36,5.82579890880748,sire,F,home,3,10_10,GenGen
576,37,7.95667870036101,sire,M,home,3,10_10,GenGen
577,37,4.10496232787737,dam,F,home,3,10_10,GenGen
578,38,5.02527075812274,dam,M,home,3,10_10,GenGen
579,37,5.91023642504547,sire,F,home,3,10_10,GenGen
580,38,7.9927797833935,sire,M,home,3,10_10,GenGen
581,38,4.10041569238763,dam,F,home,3,10_10,GenGen
582,39,5.014440433213,dam,M,home,3,10_10,GenGen
583,38,5.87996882307093,sire,F,home,3,10_10,GenGen
584,39,8.08303249097473,sire,M,home,3,10_10,GenGen
585,58,4.09469992205768,dam,F,home,3,10_10,GenGen
586,59,4.99130434782609,dam,M,home,3,10_10,GenGen
587,58,3.89477786438036,sire,F,home,3,10_10,GenGen
588,59,4,sire,M,home,3,10_10,GenGen
589,19,1,dam,F,import,3,10_10,GenGen
590,20,1,dam,M,import,3,10_10,GenGen
591,19,1,sire,F,import,3,10_10,GenGen
592,20,1,sire,M,import,3,10_10,GenGen
593,20,1,dam,F,import,3,10_10,GenGen
594,21,5.014440433213,dam,M,import,3,10_10,GenGen
595,20,1,sire,F,import,3,10_10,GenGen
596,21,7.95667870036101,sire,M,import,3,10_10,GenGen
597,21,4.20122109638867,dam,F,import,3,10_10,GenGen
598,22,4.96028880866426,dam,M,import,3,10_10,GenGen
599,21,6.20239023122889,sire,F,import,3,10_10,GenGen
600,22,8.07581227436823,sire,M,import,3,10_10,GenGen
601,22,4.18602234346584,dam,F,import,3,10_10,GenGen
602,23,5.02166064981949,dam,M,import,3,10_10,GenGen
603,22,6.26955053260587,sire,F,import,3,10_10,GenGen
604,23,8.014440433213,sire,M,import,3,10_10,GenGen
605,23,4.16250974279034,dam,F,import,3,10_10,GenGen
606,24,4.985559566787,dam,M,import,3,10_10,GenGen
607,23,5.89607690309171,sire,F,import,3,10_10,GenGen
608,24,7.86281588447653,sire,M,import,3,10_10,GenGen
609,24,4.0984671343206,dam,F,import,3,10_10,GenGen
610,25,5.05415162454874,dam,M,import,3,10_10,GenGen
611,24,5.94557027799428,sire,F,import,3,10_10,GenGen
612,25,8.04693140794224,sire,M,import,3,10_10,GenGen
613,25,4.05118212522733,dam,F,import,3,10_10,GenGen
614,26,4.97833935018051,dam,M,import,3,10_10,GenGen
615,25,5.87737074564822,sire,F,import,3,10_10,GenGen
616,26,7.96028880866426,sire,M,import,3,10_10,GenGen
617,26,4.06443232008314,dam,F,import,3,10_10,GenGen
618,27,4.97472924187726,dam,M,import,3,10_10,GenGen
619,26,5.97440893738633,sire,F,import,3,10_10,GenGen
620,27,8.14801444043321,sire,M,import,3,10_10,GenGen
621,27,4.13159262146012,dam,F,import,3,10_10,GenGen
622,28,5.03249097472924,dam,M,import,3,10_10,GenGen
623,27,5.88204728500909,sire,F,import,3,10_10,GenGen
624,28,8.04332129963899,sire,M,import,3,10_10,GenGen
625,28,4.11262665627436,dam,F,import,3,10_10,GenGen
626,29,4.95667870036101,dam,M,import,3,10_10,GenGen
627,28,5.79098467134321,sire,F,import,3,10_10,GenGen
628,29,7.92418772563177,sire,M,import,3,10_10,GenGen
629,29,4.12613665887244,dam,F,import,3,10_10,GenGen
630,30,4.985559566787,dam,M,import,3,10_10,GenGen
631,29,5.79488178747727,sire,F,import,3,10_10,GenGen
632,30,8,sire,M,import,3,10_10,GenGen
633,30,4.13211223694466,dam,F,import,3,10_10,GenGen
634,31,4.99638989169675,dam,M,import,3,10_10,GenGen
635,30,5.73044946739413,sire,F,import,3,10_10,GenGen
636,31,7.94584837545126,sire,M,import,3,10_10,GenGen
637,31,4.07989088074825,dam,F,import,3,10_10,GenGen
638,32,5.01083032490975,dam,M,import,3,10_10,GenGen
639,31,5.96050922317485,sire,F,import,3,10_10,GenGen
640,32,7.9783393501805,sire,M,import,3,10_10,GenGen
641,32,4.07820213042349,dam,F,import,3,10_10,GenGen
642,33,4.94945848375451,dam,M,import,3,10_10,GenGen
643,32,5.94154325798909,sire,F,import,3,10_10,GenGen
644,33,7.87364620938628,sire,M,import,3,10_10,GenGen
645,33,4.09677838399584,dam,F,import,3,10_10,GenGen
646,34,4.97472924187726,dam,M,import,3,10_10,GenGen
647,33,5.89633671083398,sire,F,import,3,10_10,GenGen
648,34,7.7942238267148,sire,M,import,3,10_10,GenGen
649,34,4.08846453624318,dam,F,import,3,10_10,GenGen
650,35,4.95306859205776,dam,M,import,3,10_10,GenGen
651,34,5.84112756560145,sire,F,import,3,10_10,GenGen
652,35,7.94223826714801,sire,M,import,3,10_10,GenGen
653,35,4.09664848012471,dam,F,import,3,10_10,GenGen
654,36,5.00361010830325,dam,M,import,3,10_10,GenGen
655,35,5.8398285268901,sire,F,import,3,10_10,GenGen
656,36,8.07220216606498,sire,M,import,3,10_10,GenGen
657,36,4.10132501948558,dam,F,import,3,10_10,GenGen
658,37,5.02527075812274,dam,M,import,3,10_10,GenGen
659,36,5.82579890880748,sire,F,import,3,10_10,GenGen
660,37,7.95667870036101,sire,M,import,3,10_10,GenGen
661,37,4.10496232787737,dam,F,import,3,10_10,GenGen
662,38,5.02527075812274,dam,M,import,3,10_10,GenGen
663,37,5.91023642504547,sire,F,import,3,10_10,GenGen
664,38,7.9927797833935,sire,M,import,3,10_10,GenGen
665,38,4.10041569238763,dam,F,import,3,10_10,GenGen
666,39,5.014440433213,dam,M,import,3,10_10,GenGen
667,38,5.87996882307093,sire,F,import,3,10_10,GenGen
668,39,8.08303249097473,sire,M,import,3,10_10,GenGen
669,58,4.09469992205768,dam,F,import,3,10_10,GenGen
670,59,4.99130434782609,dam,M,import,3,10_10,GenGen
671,58,3.89477786438036,sire,F,import,3,10_10,GenGen
672,59,4,sire,M,import,3,10_10,GenGen
673,19,1,dam,F,home,3,0_100,GenGen
674,20,1,dam,M,home,3,0_100,GenGen
675,19,1,sire,F,home,3,0_100,GenGen
676,20,1,sire,M,home,3,0_100,GenGen
677,20,1,dam,F,home,3,0_100,GenGen
678,21,5.014440433213,dam,M,home,3,0_100,GenGen
679,20,1,sire,F,home,3,0_100,GenGen
680,21,7.95667870036101,sire,M,home,3,0_100,GenGen
681,21,4.20122109638867,dam,F,home,3,0_100,GenGen
682,22,4.96028880866426,dam,M,home,3,0_100,GenGen
683,21,6.20239023122889,sire,F,home,3,0_100,GenGen
684,22,8.07581227436823,sire,M,home,3,0_100,GenGen
685,22,4.18602234346584,dam,F,home,3,0_100,GenGen
686,23,5.02166064981949,dam,M,home,3,0_100,GenGen
687,22,6.26955053260587,sire,F,home,3,0_100,GenGen
688,23,8.014440433213,sire,M,home,3,0_100,GenGen
689,23,4.16250974279034,dam,F,home,3,0_100,GenGen
690,24,4.985559566787,dam,M,home,3,0_100,GenGen
691,23,5.89607690309171,sire,F,home,3,0_100,GenGen
692,24,7.86281588447653,sire,M,home,3,0_100,GenGen
693,24,4.0984671343206,dam,F,home,3,0_100,GenGen
694,25,5.05415162454874,dam,M,home,3,0_100,GenGen
695,24,5.94557027799428,sire,F,home,3,0_100,GenGen
696,25,8.04693140794224,sire,M,home,3,0_100,GenGen
697,25,4.05118212522733,dam,F,home,3,0_100,GenGen
698,26,4.97833935018051,dam,M,home,3,0_100,GenGen
699,25,5.87737074564822,sire,F,home,3,0_100,GenGen
700,26,7.96028880866426,sire,M,home,3,0_100,GenGen
701,26,4.06443232008314,dam,F,home,3,0_100,GenGen
702,27,4.97472924187726,dam,M,home,3,0_100,GenGen
703,26,5.97440893738633,sire,F,home,3,0_100,GenGen
704,27,8.14801444043321,sire,M,home,3,0_100,GenGen
705,27,4.13159262146012,dam,F,home,3,0_100,GenGen
706,28,5.03249097472924,dam,M,home,3,0_100,GenGen
707,27,5.88204728500909,sire,F,home,3,0_100,GenGen
708,28,8.04332129963899,sire,M,home,3,0_100,GenGen
709,28,4.11262665627436,dam,F,home,3,0_100,GenGen
710,29,4.95667870036101,dam,M,home,3,0_100,GenGen
711,28,5.79098467134321,sire,F,home,3,0_100,GenGen
712,29,7.92418772563177,sire,M,home,3,0_100,GenGen
713,29,4.12613665887244,dam,F,home,3,0_100,GenGen
714,30,4.985559566787,dam,M,home,3,0_100,GenGen
715,29,5.79488178747727,sire,F,home,3,0_100,GenGen
716,30,8,sire,M,home,3,0_100,GenGen
717,30,4.13211223694466,dam,F,home,3,0_100,GenGen
718,31,4.99638989169675,dam,M,home,3,0_100,GenGen
719,30,5.73044946739413,sire,F,home,3,0_100,GenGen
720,31,7.94584837545126,sire,M,home,3,0_100,GenGen
721,31,4.07989088074825,dam,F,home,3,0_100,GenGen
722,32,5.01083032490975,dam,M,home,3,0_100,GenGen
723,31,5.96050922317485,sire,F,home,3,0_100,GenGen
724,32,7.9783393501805,sire,M,home,3,0_100,GenGen
725,32,4.07820213042349,dam,F,home,3,0_100,GenGen
726,33,4.94945848375451,dam,M,home,3,0_100,GenGen
727,32,5.94154325798909,sire,F,home,3,0_100,GenGen
728,33,7.87364620938628,sire,M,home,3,0_100,GenGen
729,33,4.09677838399584,dam,F,home,3,0_100,GenGen
730,34,4.97472924187726,dam,M,home,3,0_100,GenGen
731,33,5.89633671083398,sire,F,home,3,0_100,GenGen
732,34,7.7942238267148,sire,M,home,3,0_100,GenGen
733,34,4.08846453624318,dam,F,home,3,0_100,GenGen
734,35,4.95306859205776,dam,M,home,3,0_100,GenGen
735,34,5.84112756560145,sire,F,home,3,0_100,GenGen
736,35,7.94223826714801,sire,M,home,3,0_100,GenGen
737,35,4.09664848012471,dam,F,home,3,0_100,GenGen
738,36,5.00361010830325,dam,M,home,3,0_100,GenGen
739,35,5.8398285268901,sire,F,home,3,0_100,GenGen
740,36,8.07220216606498,sire,M,home,3,0_100,GenGen
741,36,4.10132501948558,dam,F,home,3,0_100,GenGen
742,37,5.02527075812274,dam,M,home,3,0_100,GenGen
743,36,5.82579890880748,sire,F,home,3,0_100,GenGen
744,37,7.95667870036101,sire,M,home,3,0_100,GenGen
745,37,4.10496232787737,dam,F,home,3,0_100,GenGen
746,38,5.02527075812274,dam,M,home,3,0_100,GenGen
747,37,5.91023642504547,sire,F,home,3,0_100,GenGen
748,38,7.9927797833935,sire,M,home,3,0_100,GenGen
749,38,4.10041569238763,dam,F,home,3,0_100,GenGen
750,39,5.014440433213,dam,M,home,3,0_100,GenGen
751,38,5.87996882307093,sire,F,home,3,0_100,GenGen
752,39,8.08303249097473,sire,M,home,3,0_100,GenGen
753,58,4.07378539880488,dam,F,home,3,0_100,GenGen
754,59,4.97971014492754,dam,M,home,3,0_100,GenGen
755,58,3.82151208106002,sire,F,home,3,0_100,GenGen
756,59,4.00579710144928,sire,M,home,3,0_100,GenGen
757,19,1,dam,F,import,3,0_100,GenGen
758,20,1,dam,M,import,3,0_100,GenGen
759,19,1,sire,F,import,3,0_100,GenGen
760,20,1,sire,M,import,3,0_100,GenGen
761,20,1,dam,F,import,3,0_100,GenGen
762,21,5.014440433213,dam,M,import,3,0_100,GenGen
763,20,1,sire,F,import,3,0_100,GenGen
764,21,7.95667870036101,sire,M,import,3,0_100,GenGen
765,21,4.20122109638867,dam,F,import,3,0_100,GenGen
766,22,4.96028880866426,dam,M,import,3,0_100,GenGen
767,21,6.20239023122889,sire,F,import,3,0_100,GenGen
768,22,8.07581227436823,sire,M,import,3,0_100,GenGen
769,22,4.18602234346584,dam,F,import,3,0_100,GenGen
770,23,5.02166064981949,dam,M,import,3,0_100,GenGen
771,22,6.26955053260587,sire,F,import,3,0_100,GenGen
772,23,8.014440433213,sire,M,import,3,0_100,GenGen
773,23,4.16250974279034,dam,F,import,3,0_100,GenGen
774,24,4.985559566787,dam,M,import,3,0_100,GenGen
775,23,5.89607690309171,sire,F,import,3,0_100,GenGen
776,24,7.86281588447653,sire,M,import,3,0_100,GenGen
777,24,4.0984671343206,dam,F,import,3,0_100,GenGen
778,25,5.05415162454874,dam,M,import,3,0_100,GenGen
779,24,5.94557027799428,sire,F,import,3,0_100,GenGen
780,25,8.04693140794224,sire,M,import,3,0_100,GenGen
781,25,4.05118212522733,dam,F,import,3,0_100,GenGen
782,26,4.97833935018051,dam,M,import,3,0_100,GenGen
783,25,5.87737074564822,sire,F,import,3,0_100,GenGen
784,26,7.96028880866426,sire,M,import,3,0_100,GenGen
785,26,4.06443232008314,dam,F,import,3,0_100,GenGen
786,27,4.97472924187726,dam,M,import,3,0_100,GenGen
787,26,5.97440893738633,sire,F,import,3,0_100,GenGen
788,27,8.14801444043321,sire,M,import,3,0_100,GenGen
789,27,4.13159262146012,dam,F,import,3,0_100,GenGen
790,28,5.03249097472924,dam,M,import,3,0_100,GenGen
791,27,5.88204728500909,sire,F,import,3,0_100,GenGen
792,28,8.04332129963899,sire,M,import,3,0_100,GenGen
793,28,4.11262665627436,dam,F,import,3,0_100,GenGen
794,29,4.95667870036101,dam,M,import,3,0_100,GenGen
795,28,5.79098467134321,sire,F,import,3,0_100,GenGen
796,29,7.92418772563177,sire,M,import,3,0_100,GenGen
797,29,4.12613665887244,dam,F,import,3,0_100,GenGen
798,30,4.985559566787,dam,M,import,3,0_100,GenGen
799,29,5.79488178747727,sire,F,import,3,0_100,GenGen
800,30,8,sire,M,import,3,0_100,GenGen
801,30,4.13211223694466,dam,F,import,3,0_100,GenGen
802,31,4.99638989169675,dam,M,import,3,0_100,GenGen
803,30,5.73044946739413,sire,F,import,3,0_100,GenGen
804,31,7.94584837545126,sire,M,import,3,0_100,GenGen
805,31,4.07989088074825,dam,F,import,3,0_100,GenGen
806,32,5.01083032490975,dam,M,import,3,0_100,GenGen
807,31,5.96050922317485,sire,F,import,3,0_100,GenGen
808,32,7.9783393501805,sire,M,import,3,0_100,GenGen
809,32,4.07820213042349,dam,F,import,3,0_100,GenGen
810,33,4.94945848375451,dam,M,import,3,0_100,GenGen
811,32,5.94154325798909,sire,F,import,3,0_100,GenGen
812,33,7.87364620938628,sire,M,import,3,0_100,GenGen
813,33,4.09677838399584,dam,F,import,3,0_100,GenGen
814,34,4.97472924187726,dam,M,import,3,0_100,GenGen
815,33,5.89633671083398,sire,F,import,3,0_100,GenGen
816,34,7.7942238267148,sire,M,import,3,0_100,GenGen
817,34,4.08846453624318,dam,F,import,3,0_100,GenGen
818,35,4.95306859205776,dam,M,import,3,0_100,GenGen
819,34,5.84112756560145,sire,F,import,3,0_100,GenGen
820,35,7.94223826714801,sire,M,import,3,0_100,GenGen
821,35,4.09664848012471,dam,F,import,3,0_100,GenGen
822,36,5.00361010830325,dam,M,import,3,0_100,GenGen
823,35,5.8398285268901,sire,F,import,3,0_100,GenGen
824,36,8.07220216606498,sire,M,import,3,0_100,GenGen
825,36,4.10132501948558,dam,F,import,3,0_100,GenGen
826,37,5.02527075812274,dam,M,import,3,0_100,GenGen
827,36,5.82579890880748,sire,F,import,3,0_100,GenGen
828,37,7.95667870036101,sire,M,import,3,0_100,GenGen
829,37,4.10496232787737,dam,F,import,3,0_100,GenGen
830,38,5.02527075812274,dam,M,import,3,0_100,GenGen
831,37,5.91023642504547,sire,F,import,3,0_100,GenGen
832,38,7.9927797833935,sire,M,import,3,0_100,GenGen
833,38,4.10041569238763,dam,F,import,3,0_100,GenGen
834,39,5.014440433213,dam,M,import,3,0_100,GenGen
835,38,5.87996882307093,sire,F,import,3,0_100,GenGen
836,39,8.08303249097473,sire,M,import,3,0_100,GenGen
837,58,4.07378539880488,dam,F,import,3,0_100,GenGen
838,59,4.97971014492754,dam,M,import,3,0_100,GenGen
839,58,3.82151208106002,sire,F,import,3,0_100,GenGen
840,59,4.00579710144928,sire,M,import,3,0_100,GenGen
