strategy,scenario,Group,Generation,cat,trait,gvNormUnres1,gvNormUnres3
ClassGen,0_100,home,11,pb,2,2.6127730395916666,1.7833490992999999
ClassGen,0_100,home,11,pb,3,2.9060670511583333,1.9560554535833337
ClassGen,0_100,home,12,pb,2,2.7593381450499996,1.5780618129083335
ClassGen,0_100,home,12,pb,3,2.4434224117833336,0.9667462759583333
ClassGen,0_100,home,13,pb,2,2.7957541063249995,1.9159444952583335
ClassGen,0_100,home,13,pb,3,2.4128307855916664,2.0532797261666667
ClassGen,0_100,home,14,pb,2,2.6500072648499997,1.82248380025
ClassGen,0_100,home,14,pb,3,2.933366849791667,2.1501049775
ClassGen,0_100,home,15,pb,2,2.8344316436250003,1.9781368667416668
ClassGen,0_100,home,15,pb,3,2.990132054375,2.155908822358333
ClassGen,0_100,home,16,pb,2,2.725860871583334,1.6861055410333332
ClassGen,0_100,home,16,pb,3,3.779334034925,2.558428317066667
ClassGen,0_100,home,17,pb,2,2.999604549008333,1.8255193583416667
ClassGen,0_100,home,17,pb,3,2.1230081869916666,1.582796095541667
ClassGen,0_100,home,18,pb,2,3.0094254623833336,2.101472836375
ClassGen,0_100,home,18,pb,3,2.563715441558333,1.5789945678833337
ClassGen,0_100,home,19,pb,2,2.7464645786333333,1.67787173695
ClassGen,0_100,home,19,pb,3,3.0222683100916665,1.8047136524666667
ClassGen,0_100,home,20,pb,2,2.619504440275,1.8091568552916666
ClassGen,0_100,home,20,pb,3,2.7204733276333335,1.9817278895916666
ClassGen,0_100,home,21,pb,2,3.6536070811666668,2.7766847858
ClassGen,0_100,home,21,pb,3,3.4003759685333335,2.6700978172333336
ClassGen,0_100,home,22,pb,2,3.790299419991667,2.2865164947000003
ClassGen,0_100,home,22,pb,3,3.7241192928666664,2.3421969937916667
ClassGen,0_100,home,23,pb,2,3.5935804268166667,2.7374952408250004
ClassGen,0_100,home,23,pb,3,3.489014769058334,2.5357211718833335
ClassGen,0_100,home,24,pb,2,3.785980519858333,2.954206424341667
ClassGen,0_100,home,24,pb,3,4.021434972291667,2.2065835967
ClassGen,0_100,home,25,pb,2,4.565107288699999,2.8502369789583337
ClassGen,0_100,home,25,pb,3,4.222525452391666,3.3041441892666668
ClassGen,0_100,home,26,pb,2,4.522926384266667,3.60029879945
ClassGen,0_100,home,26,pb,3,4.747053638683333,3.8534249337750004
ClassGen,0_100,home,27,pb,2,5.15309270175,3.612808020241667
ClassGen,0_100,home,27,pb,3,4.498485551383333,3.3939024948500003
ClassGen,0_100,home,28,pb,2,4.220976204725,3.081548486158333
ClassGen,0_100,home,28,pb,3,4.6402032996,3.4262387930666667
ClassGen,0_100,home,29,pb,2,5.006507280891667,3.839155534133333
ClassGen,0_100,home,29,pb,3,4.472240101033333,3.0322897093166667
ClassGen,0_100,home,30,pb,2,5.5207160055083335,4.271022574041667
ClassGen,0_100,home,30,pb,3,4.853558002483333,3.478530466475
ClassGen,0_100,home,31,pb,2,5.838522320366667,4.135263847175
ClassGen,0_100,home,31,pb,3,5.534336390408334,4.774600030783334
ClassGen,0_100,home,32,pb,2,5.685296265208334,3.715271509475
ClassGen,0_100,home,32,pb,3,5.732993915291668,4.899840028183333
ClassGen,0_100,home,33,pb,2,6.223533988691666,4.597039275258333
ClassGen,0_100,home,33,pb,3,6.138641432283333,6.1430177222083335
ClassGen,0_100,home,34,pb,2,6.826912732258333,5.111582221966667
ClassGen,0_100,home,34,pb,3,5.554174333108333,4.927682337466667
ClassGen,0_100,home,35,gpb,2,7.059954640694445,5.150204081761111
ClassGen,0_100,home,35,gpb,3,5.894598733844998,5.138592728287381
ClassGen,0_100,home,36,gpb,2,6.239405344690318,4.814514590843493
ClassGen,0_100,home,36,gpb,3,6.074055800306667,5.410293773733334
ClassGen,0_100,home,37,gpb,2,6.755767884991666,5.350007555703571
ClassGen,0_100,home,37,gpb,3,5.694959720249206,5.9633157234242065
ClassGen,0_100,home,38,gpb,2,7.461794955133333,5.768715962294444
ClassGen,0_100,home,38,gpb,3,6.001088385627778,6.012953502966667
ClassGen,0_100,home,39,gpb,2,7.624789757538889,5.868187011194444
ClassGen,0_100,home,39,gpb,3,6.897978183138889,6.675074812316667
ClassGen,0_100,home,40,gpb,2,8.685579223705554,6.675963164766667
ClassGen,0_100,home,40,gpb,3,6.792024017599999,6.630723891961111
ClassGen,0_100,home,41,gpb,2,9.200285857866666,7.206212549788888
ClassGen,0_100,home,41,gpb,3,8.173651648488889,7.437474362038889
ClassGen,0_100,home,42,gpb,2,9.769964133744445,7.749062081811111
ClassGen,0_100,home,42,gpb,3,8.469330506711112,8.210852450394443
ClassGen,0_100,home,43,gpb,2,10.728571856499999,8.067401352016667
ClassGen,0_100,home,43,gpb,3,9.183900673400002,9.250943757499998
ClassGen,0_100,home,44,gpb,2,10.058447387361111,8.020378938344443
ClassGen,0_100,home,44,gpb,3,8.612806825272221,8.46289780065
ClassGen,0_100,home,45,gpb,2,11.125326417944445,8.818322781711112
ClassGen,0_100,home,45,gpb,3,8.976258361033333,8.821291578972222
ClassGen,0_100,home,46,gpb,2,11.183696860322222,9.123021791816667
ClassGen,0_100,home,46,gpb,3,9.301263787477778,9.157740979611113
ClassGen,0_100,home,47,gpb,2,11.441448684238887,9.717606853455555
ClassGen,0_100,home,47,gpb,3,10.104122779638887,9.980245638355555
ClassGen,0_100,home,48,gpb,2,12.08783153545,9.886524384361111
ClassGen,0_100,home,48,gpb,3,9.621676741616668,9.820598032694445
ClassGen,0_100,import,11,pb,2,4.512694813953334,3.7403882789100003
ClassGen,0_100,import,11,pb,3,3.8853124265733334,4.516738127516667
ClassGen,0_100,import,12,pb,2,4.0135223666833335,3.49417154112
ClassGen,0_100,import,12,pb,3,3.791585629443334,4.294215209906667
ClassGen,0_100,import,13,pb,2,4.210783081280001,3.029842669556667
ClassGen,0_100,import,13,pb,3,3.525873354156667,4.211613320663333
ClassGen,0_100,import,14,pb,2,3.8139382144666665,3.4544382481633336
ClassGen,0_100,import,14,pb,3,3.56168924605,4.264280924486666
ClassGen,0_100,import,15,pb,2,4.173130848226666,3.1416566707533335
ClassGen,0_100,import,15,pb,3,3.66719928601,4.240516842886667
ClassGen,0_100,import,16,pb,2,4.244887561333333,3.4857112721599997
ClassGen,0_100,import,16,pb,3,4.195001623196667,4.314746453913333
ClassGen,0_100,import,17,pb,2,3.9942120934433336,3.217910587426667
ClassGen,0_100,import,17,pb,3,3.8016324138566673,4.2102439845866675
ClassGen,0_100,import,18,pb,2,4.192827396559999,3.3687357718933337
ClassGen,0_100,import,18,pb,3,3.5520503527800003,4.4574176203133336
ClassGen,0_100,import,19,pb,2,3.855598786986667,2.926405895066667
ClassGen,0_100,import,19,pb,3,3.8576658022733334,4.319683899709999
ClassGen,0_100,import,20,pb,2,3.7834315153733336,2.70257407375
ClassGen,0_100,import,20,pb,3,3.246010937456667,3.59639103911
ClassGen,0_100,import,21,pb,2,5.7749236638033326,4.565659022956667
ClassGen,0_100,import,21,pb,3,4.704675884596667,5.781679847546666
ClassGen,0_100,import,22,pb,2,5.57203054602,4.834474068416667
ClassGen,0_100,import,22,pb,3,5.1374062988333336,6.140509356443334
ClassGen,0_100,import,23,pb,2,5.3397202480566675,5.037459141506667
ClassGen,0_100,import,23,pb,3,5.175282531726666,5.922374249986667
ClassGen,0_100,import,24,pb,2,5.66581651036,4.52454751003
ClassGen,0_100,import,24,pb,3,5.069162790429999,5.907559379896667
ClassGen,0_100,import,25,gpb,2,5.08156098832598,4.129724056099003
ClassGen,0_100,import,25,gpb,3,4.665287530528289,5.5294779434796055
ClassGen,0_100,import,26,gpb,2,5.051234604154978,3.9277437110691196
ClassGen,0_100,import,26,gpb,3,4.275140205062897,5.18248955781045
ClassGen,0_100,import,27,gpb,2,5.367035567447402,4.222919279891608
ClassGen,0_100,import,27,gpb,3,4.562689710716387,5.555653637153455
ClassGen,0_100,import,28,gpb,2,5.7807355454266665,4.465955254468889
ClassGen,0_100,import,28,gpb,3,4.74078580734,5.994805003340001
ClassGen,0_100,import,29,gpb,2,5.826280737824445,4.651084015104444
ClassGen,0_100,import,29,gpb,3,5.0283822026088885,5.727766560755556
ClassGen,0_100,import,30,gpb,2,5.331902945468889,4.382854718744444
ClassGen,0_100,import,30,gpb,3,4.778182164488888,5.637249493742222
ClassGen,0_100,import,31,gpb,2,7.067801787653333,5.871246235011111
ClassGen,0_100,import,31,gpb,3,5.677842700075556,6.799343123380001
ClassGen,0_100,import,32,gpb,2,7.35002876404,6.054136141335555
ClassGen,0_100,import,32,gpb,3,6.020116792157778,7.260719962946666
ClassGen,0_100,import,33,gpb,2,7.750540982253334,6.610199558733332
ClassGen,0_100,import,33,gpb,3,6.0043860472088895,7.208094642611111
ClassGen,0_100,import,34,gpb,2,8.181799508951112,6.695240398795555
ClassGen,0_100,import,34,gpb,3,6.1745784170933335,7.4504581484133325
ClassGen,0_100,import,35,gpb,2,8.313543071171111,6.862841807453333
ClassGen,0_100,import,35,gpb,3,6.3411723708755545,7.760008406662223
ClassGen,0_100,import,36,gpb,2,8.85596153083778,7.536124448753333
ClassGen,0_100,import,36,gpb,3,7.05703706434,8.44207027481111
ClassGen,0_100,import,37,gpb,2,9.333766585073333,7.764277300473334
ClassGen,0_100,import,37,gpb,3,6.900773750279999,8.484751319553334
ClassGen,0_100,import,38,gpb,2,9.05709111468889,7.526481450866666
ClassGen,0_100,import,38,gpb,3,7.0158119085955555,8.545335338548888
ClassGen,0_100,import,39,gpb,2,10.133612629060002,8.564965519820001
ClassGen,0_100,import,39,gpb,3,7.261054947313334,8.620612691233333
ClassGen,0_100,import,40,gpb,2,10.154849789235557,8.678384251946667
ClassGen,0_100,import,40,gpb,3,7.130856021357779,8.867014404357777
ClassGen,0_100,import,41,gpb,2,10.531764202022222,8.779414865904444
ClassGen,0_100,import,41,gpb,3,7.524068225346667,9.147290169813333
ClassGen,0_100,import,42,gpb,2,10.733859516355556,8.880354046824445
ClassGen,0_100,import,42,gpb,3,7.396655741862221,8.99526650755111
ClassGen,0_100,import,43,gpb,2,11.086260539179998,9.321164361913334
ClassGen,0_100,import,43,gpb,3,7.923126485731113,9.57816547859111
ClassGen,0_100,import,44,gpb,2,11.669650183693335,9.816844217266668
ClassGen,0_100,import,44,gpb,3,8.18259731022,9.99716909587111
ClassGen,0_100,import,45,gpb,2,11.972991686962223,10.1567004101
ClassGen,0_100,import,45,gpb,3,8.452814448684443,10.35564032124889
ClassGen,0_100,import,46,gpb,2,12.166940254559998,10.17018442905111
ClassGen,0_100,import,46,gpb,3,8.556404985415556,10.66636939826889
ClassGen,0_100,import,47,gpb,2,12.822934181828886,11.005771320246666
ClassGen,0_100,import,47,gpb,3,8.605383675297778,10.70372680660889
ClassGen,0_100,import,48,gpb,2,13.010448638984442,11.026905245537776
ClassGen,0_100,import,48,gpb,3,9.116134411804444,11.072239281868889
ClassGen,100_100,home,11,pb,2,2.6127730395916666,1.7833490992999999
ClassGen,100_100,home,11,pb,3,2.9060670511583333,1.9560554535833337
ClassGen,100_100,home,12,pb,2,2.7593381450499996,1.5780618129083335
ClassGen,100_100,home,12,pb,3,2.4434224117833336,0.9667462759583333
ClassGen,100_100,home,13,pb,2,2.7957541063249995,1.9159444952583335
ClassGen,100_100,home,13,pb,3,2.4128307855916664,2.0532797261666667
ClassGen,100_100,home,14,pb,2,2.6500072648499997,1.82248380025
ClassGen,100_100,home,14,pb,3,2.933366849791667,2.1501049775
ClassGen,100_100,home,15,pb,2,2.8344316436250003,1.9781368667416668
ClassGen,100_100,home,15,pb,3,2.990132054375,2.155908822358333
ClassGen,100_100,home,16,pb,2,2.725860871583334,1.6861055410333332
ClassGen,100_100,home,16,pb,3,3.779334034925,2.558428317066667
ClassGen,100_100,home,17,pb,2,2.999604549008333,1.8255193583416667
ClassGen,100_100,home,17,pb,3,2.1230081869916666,1.582796095541667
ClassGen,100_100,home,18,pb,2,3.0094254623833336,2.101472836375
ClassGen,100_100,home,18,pb,3,2.563715441558333,1.5789945678833337
ClassGen,100_100,home,19,pb,2,2.7464645786333333,1.67787173695
ClassGen,100_100,home,19,pb,3,3.0222683100916665,1.8047136524666667
ClassGen,100_100,home,20,pb,2,2.619504440275,1.8091568552916666
ClassGen,100_100,home,20,pb,3,2.7204733276333335,1.9817278895916666
ClassGen,100_100,home,21,pb,2,3.6536070811666668,2.7766847858
ClassGen,100_100,home,21,pb,3,3.4003759685333335,2.6700978172333336
ClassGen,100_100,home,22,pb,2,3.790299419991667,2.2865164947000003
ClassGen,100_100,home,22,pb,3,3.7241192928666664,2.3421969937916667
ClassGen,100_100,home,23,pb,2,3.5935804268166667,2.7374952408250004
ClassGen,100_100,home,23,pb,3,3.489014769058334,2.5357211718833335
ClassGen,100_100,home,24,pb,2,3.785980519858333,2.954206424341667
ClassGen,100_100,home,24,pb,3,4.021434972291667,2.2065835967
ClassGen,100_100,home,25,pb,2,4.565107288699999,2.8502369789583337
ClassGen,100_100,home,25,pb,3,4.222525452391666,3.3041441892666668
ClassGen,100_100,home,26,pb,2,4.522926384266667,3.60029879945
ClassGen,100_100,home,26,pb,3,4.747053638683333,3.8534249337750004
ClassGen,100_100,home,27,pb,2,5.15309270175,3.612808020241667
ClassGen,100_100,home,27,pb,3,4.498485551383333,3.3939024948500003
ClassGen,100_100,home,28,pb,2,4.220976204725,3.081548486158333
ClassGen,100_100,home,28,pb,3,4.6402032996,3.4262387930666667
ClassGen,100_100,home,29,pb,2,5.016686474275,4.153529324466667
ClassGen,100_100,home,29,pb,3,4.525629262433333,3.0104140911583332
ClassGen,100_100,home,30,pb,2,5.374034888574999,3.9513977284083333
ClassGen,100_100,home,30,pb,3,4.917003712758333,3.5852536049499997
ClassGen,100_100,home,31,pb,2,6.346593697875001,4.723532687158333
ClassGen,100_100,home,31,pb,3,5.430586650233334,4.343723039025
ClassGen,100_100,home,32,pb,2,6.1505664554,4.5208796201000006
ClassGen,100_100,home,32,pb,3,5.202330287583333,4.764875447400001
ClassGen,100_100,home,33,pb,2,7.352426769925,6.126735269541666
ClassGen,100_100,home,33,pb,3,5.1988286104500006,5.082254195008333
ClassGen,100_100,home,34,pb,2,6.579548275791666,4.807253248983334
ClassGen,100_100,home,34,pb,3,6.041490786033333,5.629982891983333
ClassGen,100_100,home,35,gpb,2,7.5390096685111105,7.02269618253889
ClassGen,100_100,home,35,gpb,3,7.214251531544444,6.6737644551388895
ClassGen,100_100,home,36,gpb,2,6.801518953409524,5.4918942375499995
ClassGen,100_100,home,36,gpb,3,5.559315279822619,5.525189084917262
ClassGen,100_100,home,37,gpb,2,7.5391144577916664,6.1306912019625
ClassGen,100_100,home,37,gpb,3,5.846985280297024,5.707058249106548
ClassGen,100_100,home,38,gpb,2,7.191905109261111,5.965063141094444
ClassGen,100_100,home,38,gpb,3,6.8953797652499995,6.5048276156833325
ClassGen,100_100,home,39,gpb,2,8.147288989022224,6.90825534455
ClassGen,100_100,home,39,gpb,3,7.388560213972222,7.420271591311111
ClassGen,100_100,home,40,gpb,2,8.81602640306111,7.184248871705556
ClassGen,100_100,home,40,gpb,3,6.78152571115,6.704518567377778
ClassGen,100_100,home,41,gpb,2,10.386035165194444,8.319857988661111
ClassGen,100_100,home,41,gpb,3,8.625264624127778,8.925723383849999
ClassGen,100_100,home,42,gpb,2,10.443216796638888,8.551865599772222
ClassGen,100_100,home,42,gpb,3,8.74841612827778,8.780903555705557
ClassGen,100_100,home,43,gpb,2,11.191418616566665,9.109781073822221
ClassGen,100_100,home,43,gpb,3,9.132879961683335,9.358041291161113
ClassGen,100_100,home,44,gpb,2,11.833547939477777,9.873867966666666
ClassGen,100_100,home,44,gpb,3,9.932860221205555,10.366417079044446
ClassGen,100_100,home,45,gpb,2,11.69786576681111,9.522182269316666
ClassGen,100_100,home,45,gpb,3,9.337874996033333,9.973268882833333
ClassGen,100_100,home,46,gpb,2,12.272003906833334,10.37362421558889
ClassGen,100_100,home,46,gpb,3,9.643464575405554,9.914832629888886
ClassGen,100_100,home,47,gpb,2,12.655920639,10.53186744391111
ClassGen,100_100,home,47,gpb,3,9.386424390077776,10.18903562751111
ClassGen,100_100,home,48,gpb,2,13.0423334456,11.062844993622221
ClassGen,100_100,home,48,gpb,3,10.416635612044443,11.391183665438888
ClassGen,100_100,import,11,pb,2,4.512694813953334,3.7403882789100003
ClassGen,100_100,import,11,pb,3,3.8853124265733334,4.516738127516667
ClassGen,100_100,import,12,pb,2,4.0135223666833335,3.49417154112
ClassGen,100_100,import,12,pb,3,3.791585629443334,4.294215209906667
ClassGen,100_100,import,13,pb,2,4.210783081280001,3.029842669556667
ClassGen,100_100,import,13,pb,3,3.525873354156667,4.211613320663333
ClassGen,100_100,import,14,pb,2,3.8139382144666665,3.4544382481633336
ClassGen,100_100,import,14,pb,3,3.56168924605,4.264280924486666
ClassGen,100_100,import,15,pb,2,4.173130848226666,3.1416566707533335
ClassGen,100_100,import,15,pb,3,3.66719928601,4.240516842886667
ClassGen,100_100,import,16,pb,2,4.244887561333333,3.4857112721599997
ClassGen,100_100,import,16,pb,3,4.195001623196667,4.314746453913333
ClassGen,100_100,import,17,pb,2,3.9942120934433336,3.217910587426667
ClassGen,100_100,import,17,pb,3,3.8016324138566673,4.2102439845866675
ClassGen,100_100,import,18,pb,2,4.192827396559999,3.3687357718933337
ClassGen,100_100,import,18,pb,3,3.5520503527800003,4.4574176203133336
ClassGen,100_100,import,19,pb,2,3.855598786986667,2.926405895066667
ClassGen,100_100,import,19,pb,3,3.8576658022733334,4.319683899709999
ClassGen,100_100,import,20,pb,2,3.7834315153733336,2.70257407375
ClassGen,100_100,import,20,pb,3,3.246010937456667,3.59639103911
ClassGen,100_100,import,21,pb,2,5.7749236638033326,4.565659022956667
ClassGen,100_100,import,21,pb,3,4.704675884596667,5.781679847546666
ClassGen,100_100,import,22,pb,2,5.57203054602,4.834474068416667
ClassGen,100_100,import,22,pb,3,5.1374062988333336,6.140509356443334
ClassGen,100_100,import,23,pb,2,5.3397202480566675,5.037459141506667
ClassGen,100_100,import,23,pb,3,5.175282531726666,5.922374249986667
ClassGen,100_100,import,24,pb,2,5.66581651036,4.52454751003
ClassGen,100_100,import,24,pb,3,5.069162790429999,5.907559379896667
ClassGen,100_100,import,25,gpb,2,5.08156098832598,4.129724056099003
ClassGen,100_100,import,25,gpb,3,4.665287530528289,5.5294779434796055
ClassGen,100_100,import,26,gpb,2,5.051234604154978,3.9277437110691196
ClassGen,100_100,import,26,gpb,3,4.275140205062897,5.18248955781045
ClassGen,100_100,import,27,gpb,2,5.367035567447402,4.222919279891608
ClassGen,100_100,import,27,gpb,3,4.562689710716387,5.555653637153455
ClassGen,100_100,import,28,gpb,2,5.7807355454266665,4.465955254468889
ClassGen,100_100,import,28,gpb,3,4.74078580734,5.994805003340001
ClassGen,100_100,import,29,gpb,2,5.826280737824445,4.651084015104444
ClassGen,100_100,import,29,gpb,3,5.0283822026088885,5.727766560755556
ClassGen,100_100,import,30,gpb,2,5.3733107899866654,4.396930246351111
ClassGen,100_100,import,30,gpb,3,4.737468345120001,5.59397559589111
ClassGen,100_100,import,31,gpb,2,7.281381042226667,6.095257795804446
ClassGen,100_100,import,31,gpb,3,5.929414056526667,7.02258363456
ClassGen,100_100,import,32,gpb,2,7.458545554908889,6.227193792115554
ClassGen,100_100,import,32,gpb,3,5.96527607076889,7.021694165828889
ClassGen,100_100,import,33,gpb,2,7.809953871753333,6.5354151194888885
ClassGen,100_100,import,33,gpb,3,6.0228024735488885,7.117376670553334
ClassGen,100_100,import,34,gpb,2,7.965354863948889,6.673864995204444
ClassGen,100_100,import,34,gpb,3,6.323717645262222,7.408865789426668
ClassGen,100_100,import,35,gpb,2,8.359777605128889,7.003812293715556
ClassGen,100_100,import,35,gpb,3,6.160603556679999,7.738351764400001
ClassGen,100_100,import,36,gpb,2,8.79276781808222,7.5539129781400005
ClassGen,100_100,import,36,gpb,3,6.084553266582223,7.641366610488888
ClassGen,100_100,import,37,gpb,2,8.92702834962889,7.55506267309111
ClassGen,100_100,import,37,gpb,3,6.963009165133333,8.403769197684445
ClassGen,100_100,import,38,gpb,2,9.497568155560002,7.753361304728888
ClassGen,100_100,import,38,gpb,3,6.739243886306667,8.412167066733334
ClassGen,100_100,import,39,gpb,2,9.683479254275555,8.256587219111111
ClassGen,100_100,import,39,gpb,3,6.926152402588888,8.512656596177779
ClassGen,100_100,import,40,gpb,2,10.332740804968887,8.506055019244444
ClassGen,100_100,import,40,gpb,3,7.08460816318,8.80487685973778
ClassGen,100_100,import,41,gpb,2,10.808167519873335,9.12319156931111
ClassGen,100_100,import,41,gpb,3,7.389221274744446,9.210072527853333
ClassGen,100_100,import,42,gpb,2,10.600008521793333,8.879768309697779
ClassGen,100_100,import,42,gpb,3,7.455038201362221,9.558210635086667
ClassGen,100_100,import,43,gpb,2,11.03955092842889,9.413500836224445
ClassGen,100_100,import,43,gpb,3,8.035662453562223,9.877578855926666
ClassGen,100_100,import,44,gpb,2,11.894142238333336,10.026501114977778
ClassGen,100_100,import,44,gpb,3,7.925808020308889,9.932652802119998
ClassGen,100_100,import,45,gpb,2,11.721274337484445,10.075023668315554
ClassGen,100_100,import,45,gpb,3,8.415899653751111,10.35737782398
ClassGen,100_100,import,46,gpb,2,12.14123999945111,10.45241771585111
ClassGen,100_100,import,46,gpb,3,8.362104678851113,10.607087389413334
ClassGen,100_100,import,47,gpb,2,12.414470468713333,10.608754694193333
ClassGen,100_100,import,47,gpb,3,8.728218016237777,10.648469260226667
ClassGen,100_100,import,48,gpb,2,12.63456348187111,10.95375129570222
ClassGen,100_100,import,48,gpb,3,9.065301323595556,11.296748461322222
ClassGen,10_10,home,11,pb,2,2.6127730395916666,1.7833490992999999
ClassGen,10_10,home,11,pb,3,2.9060670511583333,1.9560554535833337
ClassGen,10_10,home,12,pb,2,2.7593381450499996,1.5780618129083335
ClassGen,10_10,home,12,pb,3,2.4434224117833336,0.9667462759583333
ClassGen,10_10,home,13,pb,2,2.7957541063249995,1.9159444952583335
ClassGen,10_10,home,13,pb,3,2.4128307855916664,2.0532797261666667
ClassGen,10_10,home,14,pb,2,2.6500072648499997,1.82248380025
ClassGen,10_10,home,14,pb,3,2.933366849791667,2.1501049775
ClassGen,10_10,home,15,pb,2,2.8344316436250003,1.9781368667416668
ClassGen,10_10,home,15,pb,3,2.990132054375,2.155908822358333
ClassGen,10_10,home,16,pb,2,2.725860871583334,1.6861055410333332
ClassGen,10_10,home,16,pb,3,3.779334034925,2.558428317066667
ClassGen,10_10,home,17,pb,2,2.999604549008333,1.8255193583416667
ClassGen,10_10,home,17,pb,3,2.1230081869916666,1.582796095541667
ClassGen,10_10,home,18,pb,2,3.0094254623833336,2.101472836375
ClassGen,10_10,home,18,pb,3,2.563715441558333,1.5789945678833337
ClassGen,10_10,home,19,pb,2,2.7464645786333333,1.67787173695
ClassGen,10_10,home,19,pb,3,3.0222683100916665,1.8047136524666667
ClassGen,10_10,home,20,pb,2,2.619504440275,1.8091568552916666
ClassGen,10_10,home,20,pb,3,2.7204733276333335,1.9817278895916666
ClassGen,10_10,home,21,pb,2,3.6536070811666668,2.7766847858
ClassGen,10_10,home,21,pb,3,3.4003759685333335,2.6700978172333336
ClassGen,10_10,home,22,pb,2,3.790299419991667,2.2865164947000003
ClassGen,10_10,home,22,pb,3,3.7241192928666664,2.3421969937916667
ClassGen,10_10,home,23,pb,2,3.5935804268166667,2.7374952408250004
ClassGen,10_10,home,23,pb,3,3.489014769058334,2.5357211718833335
ClassGen,10_10,home,24,pb,2,3.785980519858333,2.954206424341667
ClassGen,10_10,home,24,pb,3,4.021434972291667,2.2065835967
ClassGen,10_10,home,25,pb,2,4.565107288699999,2.8502369789583337
ClassGen,10_10,home,25,pb,3,4.222525452391666,3.3041441892666668
ClassGen,10_10,home,26,pb,2,4.522926384266667,3.60029879945
ClassGen,10_10,home,26,pb,3,4.747053638683333,3.8534249337750004
ClassGen,10_10,home,27,pb,2,5.15309270175,3.612808020241667
ClassGen,10_10,home,27,pb,3,4.498485551383333,3.3939024948500003
ClassGen,10_10,home,28,pb,2,4.220976204725,3.081548486158333
ClassGen,10_10,home,28,pb,3,4.6402032996,3.4262387930666667
ClassGen,10_10,home,29,pb,2,4.685340192875,3.5356009231833334
ClassGen,10_10,home,29,pb,3,4.364627017575001,3.1758617869416668
ClassGen,10_10,home,30,pb,2,4.291372341775,3.141377188316667
ClassGen,10_10,home,30,pb,3,4.07307317675,2.7583561505416667
ClassGen,10_10,home,31,pb,2,4.890519725858334,3.3173927321083334
ClassGen,10_10,home,31,pb,3,4.716723707708333,3.5133573806166667
ClassGen,10_10,home,32,pb,2,4.633825337608333,2.9895648484
ClassGen,10_10,home,32,pb,3,4.370420987083333,3.180107339458333
ClassGen,10_10,home,33,pb,2,5.206135049483333,3.885414896616666
ClassGen,10_10,home,33,pb,3,5.300168427533333,4.090748285299999
ClassGen,10_10,home,34,pb,2,4.8022756381416665,3.0622661641250004
ClassGen,10_10,home,34,pb,3,4.688320460116667,3.847529832666666
ClassGen,10_10,home,35,gpb,2,5.986521559628571,4.491170690777143
ClassGen,10_10,home,35,gpb,3,5.402226408069445,3.7202435061222228
ClassGen,10_10,home,36,gpb,2,5.546475667322222,4.505673258555556
ClassGen,10_10,home,36,gpb,3,5.126948477668453,3.371048497964683
ClassGen,10_10,home,37,gpb,2,5.642086478606111,4.134274622361111
ClassGen,10_10,home,37,gpb,3,5.327019399580159,3.786954855076786
ClassGen,10_10,home,38,gpb,2,5.488601723094444,3.5740562355166667
ClassGen,10_10,home,38,gpb,3,5.494374647583332,4.296624962494445
ClassGen,10_10,home,39,gpb,2,6.097957572655556,5.266847107533334
ClassGen,10_10,home,39,gpb,3,5.5981079585444435,4.57710773225
ClassGen,10_10,home,40,gpb,2,6.465012925083333,4.74006657545
ClassGen,10_10,home,40,gpb,3,6.7424058443611115,5.143433869194445
ClassGen,10_10,home,41,gpb,2,8.108862725911111,6.683209582572221
ClassGen,10_10,home,41,gpb,3,7.5784294793111115,6.179006919005555
ClassGen,10_10,home,42,gpb,2,8.675893222355556,6.796958721516667
ClassGen,10_10,home,42,gpb,3,7.620459703472222,6.211821549411112
ClassGen,10_10,home,43,gpb,2,9.10313752325,7.009346311272222
ClassGen,10_10,home,43,gpb,3,8.434847477344444,6.8643577493166665
ClassGen,10_10,home,44,gpb,2,9.20516388235,7.593402549322222
ClassGen,10_10,home,44,gpb,3,8.727891304799998,7.202029244338889
ClassGen,10_10,home,45,gpb,2,9.878427087877778,8.037210397572222
ClassGen,10_10,home,45,gpb,3,9.671383796150002,7.930619782922224
ClassGen,10_10,home,46,gpb,2,10.600057665655557,8.5479054195
ClassGen,10_10,home,46,gpb,3,9.181294329822222,7.617939657416668
ClassGen,10_10,home,47,gpb,2,10.587988439600002,8.436765861622222
ClassGen,10_10,home,47,gpb,3,9.043732078727778,7.217360042549999
ClassGen,10_10,home,48,gpb,2,10.866775049250002,8.715506022222224
ClassGen,10_10,home,48,gpb,3,10.335526144355557,8.801685185933332
ClassGen,10_10,import,11,pb,2,4.512694813953334,3.7403882789100003
ClassGen,10_10,import,11,pb,3,3.8853124265733334,4.516738127516667
ClassGen,10_10,import,12,pb,2,4.0135223666833335,3.49417154112
ClassGen,10_10,import,12,pb,3,3.791585629443334,4.294215209906667
ClassGen,10_10,import,13,pb,2,4.210783081280001,3.029842669556667
ClassGen,10_10,import,13,pb,3,3.525873354156667,4.211613320663333
ClassGen,10_10,import,14,pb,2,3.8139382144666665,3.4544382481633336
ClassGen,10_10,import,14,pb,3,3.56168924605,4.264280924486666
ClassGen,10_10,import,15,pb,2,4.173130848226666,3.1416566707533335
ClassGen,10_10,import,15,pb,3,3.66719928601,4.240516842886667
ClassGen,10_10,import,16,pb,2,4.244887561333333,3.4857112721599997
ClassGen,10_10,import,16,pb,3,4.195001623196667,4.314746453913333
ClassGen,10_10,import,17,pb,2,3.9942120934433336,3.217910587426667
ClassGen,10_10,import,17,pb,3,3.8016324138566673,4.2102439845866675
ClassGen,10_10,import,18,pb,2,4.192827396559999,3.3687357718933337
ClassGen,10_10,import,18,pb,3,3.5520503527800003,4.4574176203133336
ClassGen,10_10,import,19,pb,2,3.855598786986667,2.926405895066667
ClassGen,10_10,import,19,pb,3,3.8576658022733334,4.319683899709999
ClassGen,10_10,import,20,pb,2,3.7834315153733336,2.70257407375
ClassGen,10_10,import,20,pb,3,3.246010937456667,3.59639103911
ClassGen,10_10,import,21,pb,2,5.7749236638033326,4.565659022956667
ClassGen,10_10,import,21,pb,3,4.704675884596667,5.781679847546666
ClassGen,10_10,import,22,pb,2,5.57203054602,4.834474068416667
ClassGen,10_10,import,22,pb,3,5.1374062988333336,6.140509356443334
ClassGen,10_10,import,23,pb,2,5.3397202480566675,5.037459141506667
ClassGen,10_10,import,23,pb,3,5.175282531726666,5.922374249986667
ClassGen,10_10,import,24,pb,2,5.66581651036,4.52454751003
ClassGen,10_10,import,24,pb,3,5.069162790429999,5.907559379896667
ClassGen,10_10,import,25,gpb,2,5.08156098832598,4.129724056099003
ClassGen,10_10,import,25,gpb,3,4.665287530528289,5.5294779434796055
ClassGen,10_10,import,26,gpb,2,5.051234604154978,3.9277437110691196
ClassGen,10_10,import,26,gpb,3,4.275140205062897,5.18248955781045
ClassGen,10_10,import,27,gpb,2,5.367035567447402,4.222919279891608
ClassGen,10_10,import,27,gpb,3,4.562689710716387,5.555653637153455
ClassGen,10_10,import,28,gpb,2,5.7807355454266665,4.465955254468889
ClassGen,10_10,import,28,gpb,3,4.74078580734,5.994805003340001
ClassGen,10_10,import,29,gpb,2,5.826280737824445,4.651084015104444
ClassGen,10_10,import,29,gpb,3,5.0283822026088885,5.727766560755556
ClassGen,10_10,import,30,gpb,2,5.406984462922222,4.404035847355556
ClassGen,10_10,import,30,gpb,3,4.988062555628889,5.8819742011622225
ClassGen,10_10,import,31,gpb,2,7.30150324032,5.794450625415556
ClassGen,10_10,import,31,gpb,3,5.786333099124444,7.007224828971111
ClassGen,10_10,import,32,gpb,2,7.341026818386666,5.616213143086667
ClassGen,10_10,import,32,gpb,3,5.826662483471111,7.028310854184444
ClassGen,10_10,import,33,gpb,2,7.486624314048889,6.114492659611112
ClassGen,10_10,import,33,gpb,3,6.066378463548889,7.180033910824445
ClassGen,10_10,import,34,gpb,2,8.339475730288889,6.978727117417777
ClassGen,10_10,import,34,gpb,3,5.993099796682222,7.477474647568889
ClassGen,10_10,import,35,gpb,2,8.134051484759999,6.6607703428711105
ClassGen,10_10,import,35,gpb,3,6.543134305524444,7.784895966922221
ClassGen,10_10,import,36,gpb,2,8.72978213796,7.228609484160001
ClassGen,10_10,import,36,gpb,3,6.530867086342222,8.187942914284445
ClassGen,10_10,import,37,gpb,2,9.409935107795555,7.989784957766667
ClassGen,10_10,import,37,gpb,3,7.171660093344445,8.637408244944446
ClassGen,10_10,import,38,gpb,2,9.50924954113111,7.9860088620511105
ClassGen,10_10,import,38,gpb,3,6.539774983455556,8.163929873822221
ClassGen,10_10,import,39,gpb,2,9.764001884453334,8.066831045886666
ClassGen,10_10,import,39,gpb,3,7.160719777717778,8.591643934293332
ClassGen,10_10,import,40,gpb,2,10.258452822224447,8.63997335212222
ClassGen,10_10,import,40,gpb,3,7.010535504497777,8.75759507999111
ClassGen,10_10,import,41,gpb,2,10.39633937282,8.820724190773335
ClassGen,10_10,import,41,gpb,3,7.513298545504445,9.254500943864445
ClassGen,10_10,import,42,gpb,2,10.73803126426,8.989489131584444
ClassGen,10_10,import,42,gpb,3,7.67404967802,9.533662300053335
ClassGen,10_10,import,43,gpb,2,10.94812768896,9.204060012593333
ClassGen,10_10,import,43,gpb,3,7.740359932317777,9.566745892311111
ClassGen,10_10,import,44,gpb,2,11.610990445266665,9.91775005372667
ClassGen,10_10,import,44,gpb,3,7.951231934008889,10.080048779975556
ClassGen,10_10,import,45,gpb,2,11.67795006374889,9.805795360377777
ClassGen,10_10,import,45,gpb,3,8.260052605662223,10.337508194993333
ClassGen,10_10,import,46,gpb,2,11.965834386568888,10.29578055382
ClassGen,10_10,import,46,gpb,3,8.477472409335556,10.442257227635556
ClassGen,10_10,import,47,gpb,2,12.468476217386666,10.589795928375556
ClassGen,10_10,import,47,gpb,3,8.695705080764444,11.031602251057777
ClassGen,10_10,import,48,gpb,2,12.66874669836889,10.729452059017776
ClassGen,10_10,import,48,gpb,3,8.86747150429111,10.936438901906667
ClassGen,25_25,home,11,pb,2,2.6127730395916666,1.7833490992999999
ClassGen,25_25,home,11,pb,3,2.9060670511583333,1.9560554535833337
ClassGen,25_25,home,12,pb,2,2.7593381450499996,1.5780618129083335
ClassGen,25_25,home,12,pb,3,2.4434224117833336,0.9667462759583333
ClassGen,25_25,home,13,pb,2,2.7957541063249995,1.9159444952583335
ClassGen,25_25,home,13,pb,3,2.4128307855916664,2.0532797261666667
ClassGen,25_25,home,14,pb,2,2.6500072648499997,1.82248380025
ClassGen,25_25,home,14,pb,3,2.933366849791667,2.1501049775
ClassGen,25_25,home,15,pb,2,2.8344316436250003,1.9781368667416668
ClassGen,25_25,home,15,pb,3,2.990132054375,2.155908822358333
ClassGen,25_25,home,16,pb,2,2.725860871583334,1.6861055410333332
ClassGen,25_25,home,16,pb,3,3.779334034925,2.558428317066667
ClassGen,25_25,home,17,pb,2,2.999604549008333,1.8255193583416667
ClassGen,25_25,home,17,pb,3,2.1230081869916666,1.582796095541667
ClassGen,25_25,home,18,pb,2,3.0094254623833336,2.101472836375
ClassGen,25_25,home,18,pb,3,2.563715441558333,1.5789945678833337
ClassGen,25_25,home,19,pb,2,2.7464645786333333,1.67787173695
ClassGen,25_25,home,19,pb,3,3.0222683100916665,1.8047136524666667
ClassGen,25_25,home,20,pb,2,2.619504440275,1.8091568552916666
ClassGen,25_25,home,20,pb,3,2.7204733276333335,1.9817278895916666
ClassGen,25_25,home,21,pb,2,3.6536070811666668,2.7766847858
ClassGen,25_25,home,21,pb,3,3.4003759685333335,2.6700978172333336
ClassGen,25_25,home,22,pb,2,3.790299419991667,2.2865164947000003
ClassGen,25_25,home,22,pb,3,3.7241192928666664,2.3421969937916667
ClassGen,25_25,home,23,pb,2,3.5935804268166667,2.7374952408250004
ClassGen,25_25,home,23,pb,3,3.489014769058334,2.5357211718833335
ClassGen,25_25,home,24,pb,2,3.785980519858333,2.954206424341667
ClassGen,25_25,home,24,pb,3,4.021434972291667,2.2065835967
ClassGen,25_25,home,25,pb,2,4.565107288699999,2.8502369789583337
ClassGen,25_25,home,25,pb,3,4.222525452391666,3.3041441892666668
ClassGen,25_25,home,26,pb,2,4.522926384266667,3.60029879945
ClassGen,25_25,home,26,pb,3,4.747053638683333,3.8534249337750004
ClassGen,25_25,home,27,pb,2,5.15309270175,3.612808020241667
ClassGen,25_25,home,27,pb,3,4.498485551383333,3.3939024948500003
ClassGen,25_25,home,28,pb,2,4.220976204725,3.081548486158333
ClassGen,25_25,home,28,pb,3,4.6402032996,3.4262387930666667
ClassGen,25_25,home,29,pb,2,4.565645193441666,3.5116134166583337
ClassGen,25_25,home,29,pb,3,4.215319381016667,3.111590478291667
ClassGen,25_25,home,30,pb,2,4.991112221183333,3.64439360365
ClassGen,25_25,home,30,pb,3,4.173446551066667,2.9882803172166668
ClassGen,25_25,home,31,pb,2,4.2126864484499995,2.876408103341667
ClassGen,25_25,home,31,pb,3,4.367243881841667,2.8535744911916665
ClassGen,25_25,home,32,pb,2,4.6159722939,3.6430462842583338
ClassGen,25_25,home,32,pb,3,4.452945931775,3.2368041967500005
ClassGen,25_25,home,33,pb,2,5.649427211083332,4.665891384425
ClassGen,25_25,home,33,pb,3,5.087869563316667,4.2085048065
ClassGen,25_25,home,34,pb,2,6.030652355308333,4.845618401925
ClassGen,25_25,home,34,pb,3,5.031642201008333,4.370835890741667
ClassGen,25_25,home,35,gpb,2,6.46750877665,4.597678156283334
ClassGen,25_25,home,35,gpb,3,5.0491396022499995,3.7317008417500004
ClassGen,25_25,home,36,gpb,2,5.465847544483334,4.1569557588
ClassGen,25_25,home,36,gpb,3,5.862592032099999,4.577633339814286
ClassGen,25_25,home,37,gpb,2,7.552181300916668,5.4608896007666665
ClassGen,25_25,home,37,gpb,3,5.691866297585714,4.396239179214286
ClassGen,25_25,home,38,gpb,2,7.556628534933335,5.8066679112666675
ClassGen,25_25,home,38,gpb,3,6.017836305083333,5.068870498383334
ClassGen,25_25,home,39,gpb,2,6.024462400733334,5.462211859333333
ClassGen,25_25,home,39,gpb,3,5.010572146516666,4.642217401066667
ClassGen,25_25,home,40,gpb,2,6.633581172666666,5.4496737728
ClassGen,25_25,home,40,gpb,3,6.596786224766666,4.702382553816667
ClassGen,25_25,home,41,gpb,2,10.228757465166666,7.795750702299999
ClassGen,25_25,home,41,gpb,3,8.068294276016665,7.576670963233333
ClassGen,25_25,home,42,gpb,2,9.964441978633333,7.6622185813499994
ClassGen,25_25,home,42,gpb,3,7.897524957733334,6.8348426076
ClassGen,25_25,home,43,gpb,2,10.226563958816667,7.783638046749999
ClassGen,25_25,home,43,gpb,3,8.838098920033334,8.323792509733332
ClassGen,25_25,home,44,gpb,2,11.764701494,8.793464211716666
ClassGen,25_25,home,44,gpb,3,9.032673140850001,9.373692255616666
ClassGen,25_25,home,45,gpb,2,11.401019151166665,9.184845039933334
ClassGen,25_25,home,45,gpb,3,9.828868035616667,10.158432150966666
ClassGen,25_25,home,46,gpb,2,11.834572584966667,9.018367428133333
ClassGen,25_25,home,46,gpb,3,10.479745160216666,10.131157443833333
ClassGen,25_25,home,47,gpb,2,12.207614415366665,9.06565959555
ClassGen,25_25,home,47,gpb,3,10.140967033133334,10.280587888133333
ClassGen,25_25,home,48,gpb,2,11.740686854316666,9.224674897933333
ClassGen,25_25,home,48,gpb,3,10.581168961316665,9.213446868333333
ClassGen,25_25,import,11,pb,2,4.512694813953334,3.7403882789100003
ClassGen,25_25,import,11,pb,3,3.8853124265733334,4.516738127516667
ClassGen,25_25,import,12,pb,2,4.0135223666833335,3.49417154112
ClassGen,25_25,import,12,pb,3,3.791585629443334,4.294215209906667
ClassGen,25_25,import,13,pb,2,4.210783081280001,3.029842669556667
ClassGen,25_25,import,13,pb,3,3.525873354156667,4.211613320663333
ClassGen,25_25,import,14,pb,2,3.8139382144666665,3.4544382481633336
ClassGen,25_25,import,14,pb,3,3.56168924605,4.264280924486666
ClassGen,25_25,import,15,pb,2,4.173130848226666,3.1416566707533335
ClassGen,25_25,import,15,pb,3,3.66719928601,4.240516842886667
ClassGen,25_25,import,16,pb,2,4.244887561333333,3.4857112721599997
ClassGen,25_25,import,16,pb,3,4.195001623196667,4.314746453913333
ClassGen,25_25,import,17,pb,2,3.9942120934433336,3.217910587426667
ClassGen,25_25,import,17,pb,3,3.8016324138566673,4.2102439845866675
ClassGen,25_25,import,18,pb,2,4.192827396559999,3.3687357718933337
ClassGen,25_25,import,18,pb,3,3.5520503527800003,4.4574176203133336
ClassGen,25_25,import,19,pb,2,3.855598786986667,2.926405895066667
ClassGen,25_25,import,19,pb,3,3.8576658022733334,4.319683899709999
ClassGen,25_25,import,20,pb,2,3.7834315153733336,2.70257407375
ClassGen,25_25,import,20,pb,3,3.246010937456667,3.59639103911
ClassGen,25_25,import,21,pb,2,5.7749236638033326,4.565659022956667
ClassGen,25_25,import,21,pb,3,4.704675884596667,5.781679847546666
ClassGen,25_25,import,22,pb,2,5.57203054602,4.834474068416667
ClassGen,25_25,import,22,pb,3,5.1374062988333336,6.140509356443334
ClassGen,25_25,import,23,pb,2,5.3397202480566675,5.037459141506667
ClassGen,25_25,import,23,pb,3,5.175282531726666,5.922374249986667
ClassGen,25_25,import,24,pb,2,5.66581651036,4.52454751003
ClassGen,25_25,import,24,pb,3,5.069162790429999,5.907559379896667
ClassGen,25_25,import,25,gpb,2,5.08156098832598,4.129724056099003
ClassGen,25_25,import,25,gpb,3,4.665287530528289,5.5294779434796055
ClassGen,25_25,import,26,gpb,2,5.051234604154978,3.9277437110691196
ClassGen,25_25,import,26,gpb,3,4.275140205062897,5.18248955781045
ClassGen,25_25,import,27,gpb,2,5.367035567447402,4.222919279891608
ClassGen,25_25,import,27,gpb,3,4.562689710716387,5.555653637153455
ClassGen,25_25,import,28,gpb,2,5.7807355454266665,4.465955254468889
ClassGen,25_25,import,28,gpb,3,4.74078580734,5.994805003340001
ClassGen,25_25,import,29,gpb,2,5.826280737824445,4.651084015104444
ClassGen,25_25,import,29,gpb,3,5.0283822026088885,5.727766560755556
ClassGen,25_25,import,30,gpb,2,5.285410635748889,4.272445580582223
ClassGen,25_25,import,30,gpb,3,4.985985279273335,5.855170072704444
ClassGen,25_25,import,31,gpb,2,7.193894370571112,6.011247492726667
ClassGen,25_25,import,31,gpb,3,6.167797478733334,7.781678592717777
ClassGen,25_25,import,32,gpb,2,7.618687806237777,6.00089500204889
ClassGen,25_25,import,32,gpb,3,6.360596911873333,7.692786126555556
ClassGen,25_25,import,33,gpb,2,7.51165080322,6.023184465055555
ClassGen,25_25,import,33,gpb,3,6.499833597553334,8.070777795437778
ClassGen,25_25,import,34,gpb,2,8.090489632346666,6.5992564152933335
ClassGen,25_25,import,34,gpb,3,7.40444021683111,8.839705997446666
ClassGen,25_25,import,35,gpb,2,8.155330077977778,6.646862535700001
ClassGen,25_25,import,35,gpb,3,7.38460527204889,9.054649638344443
ClassGen,25_25,import,36,gpb,2,8.665816458831111,6.968560502804444
ClassGen,25_25,import,36,gpb,3,7.527253323088889,9.18462084822
ClassGen,25_25,import,37,gpb,2,9.535722303115557,7.653158268191112
ClassGen,25_25,import,37,gpb,3,7.877159371068889,9.636910217586667
ClassGen,25_25,import,38,gpb,2,9.459789900855556,7.613014597557776
ClassGen,25_25,import,38,gpb,3,8.290254184055554,9.966973257957777
ClassGen,25_25,import,39,gpb,2,10.114005351453333,7.728262022653334
ClassGen,25_25,import,39,gpb,3,8.83166411246,10.812058479073334
ClassGen,25_25,import,40,gpb,2,10.947439671353333,8.640082093046667
ClassGen,25_25,import,40,gpb,3,8.816231048106665,11.080807467
ClassGen,25_25,import,41,gpb,2,10.885098187799999,8.627913725440001
ClassGen,25_25,import,41,gpb,3,8.292642947833333,11.150101957053334
ClassGen,25_25,import,42,gpb,2,10.815563411713333,8.986305821060002
ClassGen,25_25,import,42,gpb,3,9.71285399966,11.836584355773333
ClassGen,25_25,import,43,gpb,2,11.702436999859998,9.429912043646665
ClassGen,25_25,import,43,gpb,3,9.297041985033333,11.756846981099999
ClassGen,25_25,import,44,gpb,2,11.596244406873334,9.509185107946665
ClassGen,25_25,import,44,gpb,3,9.877660897106667,12.7973667258
ClassGen,25_25,import,45,gpb,2,12.4370374419,10.255062959713335
ClassGen,25_25,import,45,gpb,3,9.80707629624,12.677634567433334
ClassGen,25_25,import,46,gpb,2,12.682631500106668,10.169503597873332
ClassGen,25_25,import,46,gpb,3,10.46268867750667,13.11580106014667
ClassGen,25_25,import,47,gpb,2,13.196351214,11.024715705813332
ClassGen,25_25,import,47,gpb,3,10.674005277446666,13.610828699666664
ClassGen,25_25,import,48,gpb,2,13.923746857633335,10.76511665112667
ClassGen,25_25,import,48,gpb,3,11.268127136193332,14.052387283806668
ClassGen,50_50,home,11,pb,2,2.6127730395916666,1.7833490992999999
ClassGen,50_50,home,11,pb,3,2.9060670511583333,1.9560554535833337
ClassGen,50_50,home,12,pb,2,2.7593381450499996,1.5780618129083335
ClassGen,50_50,home,12,pb,3,2.4434224117833336,0.9667462759583333
ClassGen,50_50,home,13,pb,2,2.7957541063249995,1.9159444952583335
ClassGen,50_50,home,13,pb,3,2.4128307855916664,2.0532797261666667
ClassGen,50_50,home,14,pb,2,2.6500072648499997,1.82248380025
ClassGen,50_50,home,14,pb,3,2.933366849791667,2.1501049775
ClassGen,50_50,home,15,pb,2,2.8344316436250003,1.9781368667416668
ClassGen,50_50,home,15,pb,3,2.990132054375,2.155908822358333
ClassGen,50_50,home,16,pb,2,2.725860871583334,1.6861055410333332
ClassGen,50_50,home,16,pb,3,3.779334034925,2.558428317066667
ClassGen,50_50,home,17,pb,2,2.999604549008333,1.8255193583416667
ClassGen,50_50,home,17,pb,3,2.1230081869916666,1.582796095541667
ClassGen,50_50,home,18,pb,2,3.0094254623833336,2.101472836375
ClassGen,50_50,home,18,pb,3,2.563715441558333,1.5789945678833337
ClassGen,50_50,home,19,pb,2,2.7464645786333333,1.67787173695
ClassGen,50_50,home,19,pb,3,3.0222683100916665,1.8047136524666667
ClassGen,50_50,home,20,pb,2,2.619504440275,1.8091568552916666
ClassGen,50_50,home,20,pb,3,2.7204733276333335,1.9817278895916666
ClassGen,50_50,home,21,pb,2,3.6536070811666668,2.7766847858
ClassGen,50_50,home,21,pb,3,3.4003759685333335,2.6700978172333336
ClassGen,50_50,home,22,pb,2,3.790299419991667,2.2865164947000003
ClassGen,50_50,home,22,pb,3,3.7241192928666664,2.3421969937916667
ClassGen,50_50,home,23,pb,2,3.5935804268166667,2.7374952408250004
ClassGen,50_50,home,23,pb,3,3.489014769058334,2.5357211718833335
ClassGen,50_50,home,24,pb,2,3.785980519858333,2.954206424341667
ClassGen,50_50,home,24,pb,3,4.021434972291667,2.2065835967
ClassGen,50_50,home,25,pb,2,4.565107288699999,2.8502369789583337
ClassGen,50_50,home,25,pb,3,4.222525452391666,3.3041441892666668
ClassGen,50_50,home,26,pb,2,4.522926384266667,3.60029879945
ClassGen,50_50,home,26,pb,3,4.747053638683333,3.8534249337750004
ClassGen,50_50,home,27,pb,2,5.15309270175,3.612808020241667
ClassGen,50_50,home,27,pb,3,4.498485551383333,3.3939024948500003
ClassGen,50_50,home,28,pb,2,4.220976204725,3.081548486158333
ClassGen,50_50,home,28,pb,3,4.6402032996,3.4262387930666667
ClassGen,50_50,home,29,pb,2,4.604145833725,3.474496857383334
ClassGen,50_50,home,29,pb,3,4.359515543750001,3.2115178663166666
ClassGen,50_50,home,30,pb,2,4.310800532308334,2.9100033807416668
ClassGen,50_50,home,30,pb,3,4.307284271908332,2.688564680075
ClassGen,50_50,home,31,pb,2,4.534863695008333,3.3071160007500002
ClassGen,50_50,home,31,pb,3,3.8912749111333333,2.400946242241667
ClassGen,50_50,home,32,pb,2,4.695932171141667,2.87661525425
ClassGen,50_50,home,32,pb,3,5.345530979325001,3.7531689656
ClassGen,50_50,home,33,pb,2,5.248871457825,3.6947070821333337
ClassGen,50_50,home,33,pb,3,4.450010724916666,3.5303262935250004
ClassGen,50_50,home,34,pb,2,5.929011815141666,4.37446817535
ClassGen,50_50,home,34,pb,3,4.509601989925,3.6571124447083334
ClassGen,50_50,home,35,gpb,2,5.8747422211244436,4.069673144895556
ClassGen,50_50,home,35,gpb,3,5.5777132030933325,5.04572828694
ClassGen,50_50,home,36,gpb,2,6.3802777759152365,5.271057494334286
ClassGen,50_50,home,36,gpb,3,5.962664082959722,5.206252192264444
ClassGen,50_50,home,37,gpb,2,6.894739880188889,5.751980763796825
ClassGen,50_50,home,37,gpb,3,5.576828463060834,5.768336174961547
ClassGen,50_50,home,38,gpb,2,7.824757294605557,6.137931293155556
ClassGen,50_50,home,38,gpb,3,6.437972689200001,5.862295828083333
ClassGen,50_50,home,39,gpb,2,7.899861002272222,5.844146877922223
ClassGen,50_50,home,39,gpb,3,6.504456768433333,6.17360870955
ClassGen,50_50,home,40,gpb,2,8.414901894805555,6.839571323361111
ClassGen,50_50,home,40,gpb,3,7.0706918015777775,6.810859433822221
ClassGen,50_50,home,41,gpb,2,9.623516468683334,7.86953793145
ClassGen,50_50,home,41,gpb,3,8.947181581516666,8.86469286475
ClassGen,50_50,home,42,gpb,2,10.489256660627776,8.806976581194442
ClassGen,50_50,home,42,gpb,3,8.327412757183334,8.630352267294446
ClassGen,50_50,home,43,gpb,2,9.883651169355554,8.294105535661112
ClassGen,50_50,home,43,gpb,3,8.994478654294445,9.265658082266667
ClassGen,50_50,home,44,gpb,2,11.36275095895,9.706965928811114
ClassGen,50_50,home,44,gpb,3,8.703270629755556,8.480116922166667
ClassGen,50_50,home,45,gpb,2,11.219548485088891,9.01097423016111
ClassGen,50_50,home,45,gpb,3,9.757808884188888,9.65814371393889
ClassGen,50_50,home,46,gpb,2,11.823903267738887,9.47510298992222
ClassGen,50_50,home,46,gpb,3,10.083465810016667,10.041150086672223
ClassGen,50_50,home,47,gpb,2,12.61246991787778,10.36828903275
ClassGen,50_50,home,47,gpb,3,10.38004051765,10.529074167611112
ClassGen,50_50,home,48,gpb,2,13.165384995266669,10.057219950922223
ClassGen,50_50,home,48,gpb,3,10.576120228483333,10.176071059433333
ClassGen,50_50,import,11,pb,2,4.512694813953334,3.7403882789100003
ClassGen,50_50,import,11,pb,3,3.8853124265733334,4.516738127516667
ClassGen,50_50,import,12,pb,2,4.0135223666833335,3.49417154112
ClassGen,50_50,import,12,pb,3,3.791585629443334,4.294215209906667
ClassGen,50_50,import,13,pb,2,4.210783081280001,3.029842669556667
ClassGen,50_50,import,13,pb,3,3.525873354156667,4.211613320663333
ClassGen,50_50,import,14,pb,2,3.8139382144666665,3.4544382481633336
ClassGen,50_50,import,14,pb,3,3.56168924605,4.264280924486666
ClassGen,50_50,import,15,pb,2,4.173130848226666,3.1416566707533335
ClassGen,50_50,import,15,pb,3,3.66719928601,4.240516842886667
ClassGen,50_50,import,16,pb,2,4.244887561333333,3.4857112721599997
ClassGen,50_50,import,16,pb,3,4.195001623196667,4.314746453913333
ClassGen,50_50,import,17,pb,2,3.9942120934433336,3.217910587426667
ClassGen,50_50,import,17,pb,3,3.8016324138566673,4.2102439845866675
ClassGen,50_50,import,18,pb,2,4.192827396559999,3.3687357718933337
ClassGen,50_50,import,18,pb,3,3.5520503527800003,4.4574176203133336
ClassGen,50_50,import,19,pb,2,3.855598786986667,2.926405895066667
ClassGen,50_50,import,19,pb,3,3.8576658022733334,4.319683899709999
ClassGen,50_50,import,20,pb,2,3.7834315153733336,2.70257407375
ClassGen,50_50,import,20,pb,3,3.246010937456667,3.59639103911
ClassGen,50_50,import,21,pb,2,5.7749236638033326,4.565659022956667
ClassGen,50_50,import,21,pb,3,4.704675884596667,5.781679847546666
ClassGen,50_50,import,22,pb,2,5.57203054602,4.834474068416667
ClassGen,50_50,import,22,pb,3,5.1374062988333336,6.140509356443334
ClassGen,50_50,import,23,pb,2,5.3397202480566675,5.037459141506667
ClassGen,50_50,import,23,pb,3,5.175282531726666,5.922374249986667
ClassGen,50_50,import,24,pb,2,5.66581651036,4.52454751003
ClassGen,50_50,import,24,pb,3,5.069162790429999,5.907559379896667
ClassGen,50_50,import,25,gpb,2,5.08156098832598,4.129724056099003
ClassGen,50_50,import,25,gpb,3,4.665287530528289,5.5294779434796055
ClassGen,50_50,import,26,gpb,2,5.051234604154978,3.9277437110691196
ClassGen,50_50,import,26,gpb,3,4.275140205062897,5.18248955781045
ClassGen,50_50,import,27,gpb,2,5.367035567447402,4.222919279891608
ClassGen,50_50,import,27,gpb,3,4.562689710716387,5.555653637153455
ClassGen,50_50,import,28,gpb,2,5.7807355454266665,4.465955254468889
ClassGen,50_50,import,28,gpb,3,4.74078580734,5.994805003340001
ClassGen,50_50,import,29,gpb,2,5.826280737824445,4.651084015104444
ClassGen,50_50,import,29,gpb,3,5.0283822026088885,5.727766560755556
ClassGen,50_50,import,30,gpb,2,5.403267302453333,4.364706046144444
ClassGen,50_50,import,30,gpb,3,4.642076295524444,5.647227104144444
ClassGen,50_50,import,31,gpb,2,7.398304806057777,6.196739516242222
ClassGen,50_50,import,31,gpb,3,5.670707339608889,7.000806973537777
ClassGen,50_50,import,32,gpb,2,7.184565254902222,5.666323431468889
ClassGen,50_50,import,32,gpb,3,5.489537907777778,6.811838053782222
ClassGen,50_50,import,33,gpb,2,7.855579109168889,6.728276985537778
ClassGen,50_50,import,33,gpb,3,6.118225460933334,7.382545886166665
ClassGen,50_50,import,34,gpb,2,8.242692974751114,6.826691574395556
ClassGen,50_50,import,34,gpb,3,6.053798567833333,7.413549300255556
ClassGen,50_50,import,35,gpb,2,8.64858819677111,7.4726199582533335
ClassGen,50_50,import,35,gpb,3,6.361655867506667,7.841549822635556
ClassGen,50_50,import,36,gpb,2,8.998144969208889,7.427137263211111
ClassGen,50_50,import,36,gpb,3,6.078813581355555,7.739381114308888
ClassGen,50_50,import,37,gpb,2,9.380110944875556,7.93362076952
ClassGen,50_50,import,37,gpb,3,7.226764496886667,8.788020684344444
ClassGen,50_50,import,38,gpb,2,9.612108300051112,8.091468681053334
ClassGen,50_50,import,38,gpb,3,6.823397571268888,8.436392163642223
ClassGen,50_50,import,39,gpb,2,9.92497285499111,8.247545321391112
ClassGen,50_50,import,39,gpb,3,7.1583121181377765,8.868457651537778
ClassGen,50_50,import,40,gpb,2,10.090802757757778,8.5668849257
ClassGen,50_50,import,40,gpb,3,7.167366455977778,9.074365157671112
ClassGen,50_50,import,41,gpb,2,10.786725880755554,8.919701683977777
ClassGen,50_50,import,41,gpb,3,7.319967501411111,9.33469214019111
ClassGen,50_50,import,42,gpb,2,10.900873970893334,9.575974661135556
ClassGen,50_50,import,42,gpb,3,7.119814673111112,9.145018916175555
ClassGen,50_50,import,43,gpb,2,11.235476599346669,9.446016924333334
ClassGen,50_50,import,43,gpb,3,8.04309041944,9.95690470492889
ClassGen,50_50,import,44,gpb,2,11.815104495844444,9.95174438706889
ClassGen,50_50,import,44,gpb,3,7.719764613282223,9.983414496528889
ClassGen,50_50,import,45,gpb,2,12.161694619433334,10.392304668124444
ClassGen,50_50,import,45,gpb,3,8.094460066186665,10.281878214997777
ClassGen,50_50,import,46,gpb,2,12.33511711557111,10.135442576342221
ClassGen,50_50,import,46,gpb,3,8.391376682566667,10.746513436133332
ClassGen,50_50,import,47,gpb,2,12.500403972344444,10.617036868762222
ClassGen,50_50,import,47,gpb,3,8.407775127677779,10.837277625782221
ClassGen,50_50,import,48,gpb,2,13.131569073602222,10.924326520093336
ClassGen,50_50,import,48,gpb,3,8.73806058198889,10.981432443886668
GenGen,0_100,home,11,pb,2,2.6127730395916666,1.7833490992999999
GenGen,0_100,home,11,pb,3,2.9060670511583333,1.9560554535833337
GenGen,0_100,home,12,pb,2,2.7593381450499996,1.5780618129083335
GenGen,0_100,home,12,pb,3,2.4434224117833336,0.9667462759583333
GenGen,0_100,home,13,pb,2,2.7957541063249995,1.9159444952583335
GenGen,0_100,home,13,pb,3,2.4128307855916664,2.0532797261666667
GenGen,0_100,home,14,pb,2,2.6500072648499997,1.82248380025
GenGen,0_100,home,14,pb,3,2.933366849791667,2.1501049775
GenGen,0_100,home,15,pb,2,2.8344316436250003,1.9781368667416668
GenGen,0_100,home,15,pb,3,2.990132054375,2.155908822358333
GenGen,0_100,home,16,pb,2,2.725860871583334,1.6861055410333332
GenGen,0_100,home,16,pb,3,3.779334034925,2.558428317066667
GenGen,0_100,home,17,pb,2,2.999604549008333,1.8255193583416667
GenGen,0_100,home,17,pb,3,2.1230081869916666,1.582796095541667
GenGen,0_100,home,18,pb,2,3.0094254623833336,2.101472836375
GenGen,0_100,home,18,pb,3,2.563715441558333,1.5789945678833337
GenGen,0_100,home,19,pb,2,2.7464645786333333,1.67787173695
GenGen,0_100,home,19,pb,3,3.0222683100916665,1.8047136524666667
GenGen,0_100,home,20,pb,2,2.619504440275,1.8091568552916666
GenGen,0_100,home,20,pb,3,2.7204733276333335,1.9817278895916666
GenGen,0_100,home,21,pb,2,3.6536070811666668,2.7766847858
GenGen,0_100,home,21,pb,3,3.4003759685333335,2.6700978172333336
GenGen,0_100,home,22,pb,2,3.790299419991667,2.2865164947000003
GenGen,0_100,home,22,pb,3,3.7241192928666664,2.3421969937916667
GenGen,0_100,home,23,pb,2,3.5935804268166667,2.7374952408250004
GenGen,0_100,home,23,pb,3,3.489014769058334,2.5357211718833335
GenGen,0_100,home,24,pb,2,3.785980519858333,2.954206424341667
GenGen,0_100,home,24,pb,3,4.021434972291667,2.2065835967
GenGen,0_100,home,25,gpb,2,4.888995337011111,3.1065591086000004
GenGen,0_100,home,25,gpb,3,4.526221642672223,3.264091626247222
GenGen,0_100,home,26,gpb,2,3.5365041376553576,2.540944828198809
GenGen,0_100,home,26,gpb,3,3.9277977846376984,3.124366577706349
GenGen,0_100,home,27,gpb,2,4.450665356205953,3.108555156088691
GenGen,0_100,home,27,gpb,3,3.7549198360958336,2.646971118466667
GenGen,0_100,home,28,gpb,2,3.7763462124388893,2.7779330452833335
GenGen,0_100,home,28,gpb,3,3.231916083527777,2.4157395268777777
GenGen,0_100,home,29,gpb,2,4.2230199551666665,3.1424918804999997
GenGen,0_100,home,29,gpb,3,3.7014427822777782,2.6594147958388885
GenGen,0_100,home,30,gpb,2,4.49761750175,3.255914486933333
GenGen,0_100,home,30,gpb,3,4.245285721955555,2.865214062216667
GenGen,0_100,home,31,gpb,2,6.745105268288889,4.820921159455556
GenGen,0_100,home,31,gpb,3,6.299131627283334,5.657129978611111
GenGen,0_100,home,32,gpb,2,6.483456615055555,4.716472949638889
GenGen,0_100,home,32,gpb,3,6.250001592994444,5.521018736005556
GenGen,0_100,home,33,gpb,2,7.2235874307722225,5.282517502088889
GenGen,0_100,home,33,gpb,3,6.7325126959388895,6.0820261838
GenGen,0_100,home,34,gpb,2,7.077033556933333,5.32078969495
GenGen,0_100,home,34,gpb,3,6.733008836561112,5.973281708538889
GenGen,0_100,home,35,gpb,2,7.804691649555555,6.081737057477778
GenGen,0_100,home,35,gpb,3,7.491842545033332,6.49046623045
GenGen,0_100,home,36,gpb,2,8.657958683772222,6.9024408989833335
GenGen,0_100,home,36,gpb,3,7.825593123038889,7.648667015888889
GenGen,0_100,home,37,gpb,2,8.282478442894444,6.516886437394445
GenGen,0_100,home,37,gpb,3,7.871164817977777,7.425212675366667
GenGen,0_100,home,38,gpb,2,8.77780528236111,6.993653706877777
GenGen,0_100,home,38,gpb,3,8.392995232088888,8.046622948705556
GenGen,0_100,home,39,gpb,2,8.767990153222224,7.10607807761111
GenGen,0_100,home,39,gpb,3,8.063056527627777,7.672103928344444
GenGen,0_100,home,40,gpb,2,9.372158283611112,7.836531072949999
GenGen,0_100,home,40,gpb,3,9.235179709938889,8.659998694099999
GenGen,0_100,home,41,gpb,2,9.65158398513889,7.631606474705555
GenGen,0_100,home,41,gpb,3,9.620810773499999,8.729545394155556
GenGen,0_100,home,42,gpb,2,10.04946273603889,8.208160169094445
GenGen,0_100,home,42,gpb,3,9.789425877266666,9.644937763477778
GenGen,0_100,home,43,gpb,2,10.20082453562778,8.379092516538888
GenGen,0_100,home,43,gpb,3,9.61523494022778,9.622063078116666
GenGen,0_100,home,44,gpb,2,10.94987947725,9.084582100722221
GenGen,0_100,home,44,gpb,3,9.881286201344444,9.83157684126111
GenGen,0_100,home,45,gpb,2,11.465346102377778,9.455704057450001
GenGen,0_100,home,45,gpb,3,10.868236067183332,11.129575366844444
GenGen,0_100,home,46,gpb,2,11.940729486205555,9.481497978644445
GenGen,0_100,home,46,gpb,3,10.543484523366667,10.430524026016665
GenGen,0_100,home,47,gpb,2,12.371364901738888,9.796962462522224
GenGen,0_100,home,47,gpb,3,11.483842260688888,11.523314110344444
GenGen,0_100,home,48,gpb,2,12.384365747272222,9.608127960027778
GenGen,0_100,home,48,gpb,3,11.715132791827777,11.814919310616668
GenGen,0_100,import,11,pb,2,4.512694813953334,3.7403882789100003
GenGen,0_100,import,11,pb,3,3.8853124265733334,4.516738127516667
GenGen,0_100,import,12,pb,2,4.0135223666833335,3.49417154112
GenGen,0_100,import,12,pb,3,3.791585629443334,4.294215209906667
GenGen,0_100,import,13,pb,2,4.210783081280001,3.029842669556667
GenGen,0_100,import,13,pb,3,3.525873354156667,4.211613320663333
GenGen,0_100,import,14,pb,2,3.8139382144666665,3.4544382481633336
GenGen,0_100,import,14,pb,3,3.56168924605,4.264280924486666
GenGen,0_100,import,15,pb,2,4.173130848226666,3.1416566707533335
GenGen,0_100,import,15,pb,3,3.66719928601,4.240516842886667
GenGen,0_100,import,16,pb,2,4.244887561333333,3.4857112721599997
GenGen,0_100,import,16,pb,3,4.195001623196667,4.314746453913333
GenGen,0_100,import,17,pb,2,3.9942120934433336,3.217910587426667
GenGen,0_100,import,17,pb,3,3.8016324138566673,4.2102439845866675
GenGen,0_100,import,18,pb,2,4.192827396559999,3.3687357718933337
GenGen,0_100,import,18,pb,3,3.5520503527800003,4.4574176203133336
GenGen,0_100,import,19,pb,2,3.855598786986667,2.926405895066667
GenGen,0_100,import,19,pb,3,3.8576658022733334,4.319683899709999
GenGen,0_100,import,20,pb,2,3.7834315153733336,2.70257407375
GenGen,0_100,import,20,pb,3,3.246010937456667,3.59639103911
GenGen,0_100,import,21,pb,2,5.7749236638033326,4.565659022956667
GenGen,0_100,import,21,pb,3,4.704675884596667,5.781679847546666
GenGen,0_100,import,22,pb,2,5.57203054602,4.834474068416667
GenGen,0_100,import,22,pb,3,5.1374062988333336,6.140509356443334
GenGen,0_100,import,23,pb,2,5.3397202480566675,5.037459141506667
GenGen,0_100,import,23,pb,3,5.175282531726666,5.922374249986667
GenGen,0_100,import,24,pb,2,5.66581651036,4.52454751003
GenGen,0_100,import,24,pb,3,5.069162790429999,5.907559379896667
GenGen,0_100,import,25,gpb,2,5.08156098832598,4.129724056099003
GenGen,0_100,import,25,gpb,3,4.665287530528289,5.5294779434796055
GenGen,0_100,import,26,gpb,2,5.051234604154978,3.9277437110691196
GenGen,0_100,import,26,gpb,3,4.275140205062897,5.18248955781045
GenGen,0_100,import,27,gpb,2,5.367035567447402,4.222919279891608
GenGen,0_100,import,27,gpb,3,4.562689710716387,5.555653637153455
GenGen,0_100,import,28,gpb,2,5.7807355454266665,4.465955254468889
GenGen,0_100,import,28,gpb,3,4.74078580734,5.994805003340001
GenGen,0_100,import,29,gpb,2,5.826280737824445,4.651084015104444
GenGen,0_100,import,29,gpb,3,5.0283822026088885,5.727766560755556
GenGen,0_100,import,30,gpb,2,5.348785669953333,4.449106935911111
GenGen,0_100,import,30,gpb,3,4.938229063433334,5.836114040108889
GenGen,0_100,import,31,gpb,2,7.1252747557400005,5.617699775815555
GenGen,0_100,import,31,gpb,3,6.38742145772889,7.7239493368088885
GenGen,0_100,import,32,gpb,2,7.414037592662222,6.401314752242222
GenGen,0_100,import,32,gpb,3,6.97978962474,8.054100016664444
GenGen,0_100,import,33,gpb,2,7.609024981462222,6.347511720122223
GenGen,0_100,import,33,gpb,3,6.596840614808889,8.220787457628887
GenGen,0_100,import,34,gpb,2,8.007653304304444,6.743027807200001
GenGen,0_100,import,34,gpb,3,7.43656749404889,8.728669244268888
GenGen,0_100,import,35,gpb,2,8.267531580719998,6.994872701017777
GenGen,0_100,import,35,gpb,3,7.274957659824444,9.195453505126666
GenGen,0_100,import,36,gpb,2,9.020568012411111,7.449102759633334
GenGen,0_100,import,36,gpb,3,7.618000887806667,9.089259014653335
GenGen,0_100,import,37,gpb,2,8.914516872326665,7.38286293882
GenGen,0_100,import,37,gpb,3,7.910966324493334,9.641471800231109
GenGen,0_100,import,38,gpb,2,9.31261610283778,8.13173616711111
GenGen,0_100,import,38,gpb,3,8.288860274880001,10.049780239073334
GenGen,0_100,import,39,gpb,2,9.81813368804,7.977048931871113
GenGen,0_100,import,39,gpb,3,8.399216351186666,10.481766062724445
GenGen,0_100,import,40,gpb,2,10.075891399233333,8.711543746775554
GenGen,0_100,import,40,gpb,3,9.23889758658222,10.80137963964222
GenGen,0_100,import,41,gpb,2,10.408616584922223,8.847587044557779
GenGen,0_100,import,41,gpb,3,9.084011247046666,11.258632370453334
GenGen,0_100,import,42,gpb,2,10.75758696078889,9.120079055766666
GenGen,0_100,import,42,gpb,3,9.513396958379998,11.657127336302223
GenGen,0_100,import,43,gpb,2,11.077619684757778,9.335916672117778
GenGen,0_100,import,43,gpb,3,9.859994846882222,11.946517106053333
GenGen,0_100,import,44,gpb,2,11.681029341766667,10.038425854928889
GenGen,0_100,import,44,gpb,3,10.058583773264445,12.444556875046667
GenGen,0_100,import,45,gpb,2,11.957087555044444,10.028618091562224
GenGen,0_100,import,45,gpb,3,10.32774303217111,12.928061941017779
GenGen,0_100,import,46,gpb,2,12.289351888379999,10.547214763628888
GenGen,0_100,import,46,gpb,3,10.740940556146667,12.979080745317779
GenGen,0_100,import,47,gpb,2,12.323778554177778,10.203802642868888
GenGen,0_100,import,47,gpb,3,11.211046452424442,13.70829068451333
GenGen,0_100,import,48,gpb,2,12.463460152784442,10.788967420486665
GenGen,0_100,import,48,gpb,3,11.33808416427111,13.931291853846664
GenGen,100_100,home,11,pb,2,2.6127730395916666,1.7833490992999999
GenGen,100_100,home,11,pb,3,2.9060670511583333,1.9560554535833337
GenGen,100_100,home,12,pb,2,2.7593381450499996,1.5780618129083335
GenGen,100_100,home,12,pb,3,2.4434224117833336,0.9667462759583333
GenGen,100_100,home,13,pb,2,2.7957541063249995,1.9159444952583335
GenGen,100_100,home,13,pb,3,2.4128307855916664,2.0532797261666667
GenGen,100_100,home,14,pb,2,2.6500072648499997,1.82248380025
GenGen,100_100,home,14,pb,3,2.933366849791667,2.1501049775
GenGen,100_100,home,15,pb,2,2.8344316436250003,1.9781368667416668
GenGen,100_100,home,15,pb,3,2.990132054375,2.155908822358333
GenGen,100_100,home,16,pb,2,2.725860871583334,1.6861055410333332
GenGen,100_100,home,16,pb,3,3.779334034925,2.558428317066667
GenGen,100_100,home,17,pb,2,2.999604549008333,1.8255193583416667
GenGen,100_100,home,17,pb,3,2.1230081869916666,1.582796095541667
GenGen,100_100,home,18,pb,2,3.0094254623833336,2.101472836375
GenGen,100_100,home,18,pb,3,2.563715441558333,1.5789945678833337
GenGen,100_100,home,19,pb,2,2.7464645786333333,1.67787173695
GenGen,100_100,home,19,pb,3,3.0222683100916665,1.8047136524666667
GenGen,100_100,home,20,pb,2,2.619504440275,1.8091568552916666
GenGen,100_100,home,20,pb,3,2.7204733276333335,1.9817278895916666
GenGen,100_100,home,21,pb,2,3.6536070811666668,2.7766847858
GenGen,100_100,home,21,pb,3,3.4003759685333335,2.6700978172333336
GenGen,100_100,home,22,pb,2,3.790299419991667,2.2865164947000003
GenGen,100_100,home,22,pb,3,3.7241192928666664,2.3421969937916667
GenGen,100_100,home,23,pb,2,3.5935804268166667,2.7374952408250004
GenGen,100_100,home,23,pb,3,3.489014769058334,2.5357211718833335
GenGen,100_100,home,24,pb,2,3.785980519858333,2.954206424341667
GenGen,100_100,home,24,pb,3,4.021434972291667,2.2065835967
GenGen,100_100,home,25,gpb,2,4.888995337011111,3.1065591086000004
GenGen,100_100,home,25,gpb,3,4.526221642672223,3.264091626247222
GenGen,100_100,home,26,gpb,2,3.5365041376553576,2.540944828198809
GenGen,100_100,home,26,gpb,3,3.9277977846376984,3.124366577706349
GenGen,100_100,home,27,gpb,2,4.450665356205953,3.108555156088691
GenGen,100_100,home,27,gpb,3,3.7549198360958336,2.646971118466667
GenGen,100_100,home,28,gpb,2,3.7763462124388893,2.7779330452833335
GenGen,100_100,home,28,gpb,3,3.231916083527777,2.4157395268777777
GenGen,100_100,home,29,gpb,2,4.2230199551666665,3.1424918804999997
GenGen,100_100,home,29,gpb,3,3.7014427822777782,2.6594147958388885
GenGen,100_100,home,30,gpb,2,4.425405817783333,3.0972447624777772
GenGen,100_100,home,30,gpb,3,4.150953897727778,2.765011191233333
GenGen,100_100,home,31,gpb,2,6.258244876861112,4.4214192952388895
GenGen,100_100,home,31,gpb,3,6.396905341433334,6.006879110899999
GenGen,100_100,home,32,gpb,2,6.3142540479,5.191731809994445
GenGen,100_100,home,32,gpb,3,6.277494047083334,5.360171445605556
GenGen,100_100,home,33,gpb,2,7.595709346588888,6.041651077938888
GenGen,100_100,home,33,gpb,3,6.382346786244444,6.291013118961112
GenGen,100_100,home,34,gpb,2,7.595821693205555,6.049834748255555
GenGen,100_100,home,34,gpb,3,7.205050473611112,6.438117446344443
GenGen,100_100,home,35,gpb,2,8.204521960666666,6.406416141505557
GenGen,100_100,home,35,gpb,3,7.902325804055555,7.391155719811111
GenGen,100_100,home,36,gpb,2,7.964384941511111,6.154907639477778
GenGen,100_100,home,36,gpb,3,7.211052574533333,7.696166860227777
GenGen,100_100,home,37,gpb,2,8.468652883322221,6.955804185994445
GenGen,100_100,home,37,gpb,3,8.117457571216667,7.936445896977779
GenGen,100_100,home,38,gpb,2,9.487258107483333,7.883446810222222
GenGen,100_100,home,38,gpb,3,8.525453734677777,8.610792048772222
GenGen,100_100,home,39,gpb,2,9.837859292416667,8.021178070166666
GenGen,100_100,home,39,gpb,3,8.381878894605556,8.578935355388888
GenGen,100_100,home,40,gpb,2,10.087690971016666,8.188240819616666
GenGen,100_100,home,40,gpb,3,9.050934007827777,9.118781483355557
GenGen,100_100,home,41,gpb,2,10.103661237527776,8.455398258672222
GenGen,100_100,home,41,gpb,3,9.398550423477777,9.996601508272223
GenGen,100_100,home,42,gpb,2,10.742135918827778,8.620079451577778
GenGen,100_100,home,42,gpb,3,9.967390808605556,10.587551596305557
GenGen,100_100,home,43,gpb,2,11.563629581133334,9.439296728833334
GenGen,100_100,home,43,gpb,3,10.07334394618889,10.469718583427778
GenGen,100_100,home,44,gpb,2,11.6061166154,9.448794793933333
GenGen,100_100,home,44,gpb,3,9.7721387907,10.96951324508889
GenGen,100_100,home,45,gpb,2,11.716609933716668,9.718577966794443
GenGen,100_100,home,45,gpb,3,10.871940333299998,11.703088700533334
GenGen,100_100,home,46,gpb,2,12.020175910716667,9.985310856094443
GenGen,100_100,home,46,gpb,3,11.242609314077777,12.23858799773889
GenGen,100_100,home,47,gpb,2,12.449015280377777,10.580021342622222
GenGen,100_100,home,47,gpb,3,11.161586889133334,12.055670155694443
GenGen,100_100,home,48,gpb,2,13.069404138644444,10.875138087266668
GenGen,100_100,home,48,gpb,3,11.867619568527779,12.900512470861111
GenGen,100_100,import,11,pb,2,4.512694813953334,3.7403882789100003
GenGen,100_100,import,11,pb,3,3.8853124265733334,4.516738127516667
GenGen,100_100,import,12,pb,2,4.0135223666833335,3.49417154112
GenGen,100_100,import,12,pb,3,3.791585629443334,4.294215209906667
GenGen,100_100,import,13,pb,2,4.210783081280001,3.029842669556667
GenGen,100_100,import,13,pb,3,3.525873354156667,4.211613320663333
GenGen,100_100,import,14,pb,2,3.8139382144666665,3.4544382481633336
GenGen,100_100,import,14,pb,3,3.56168924605,4.264280924486666
GenGen,100_100,import,15,pb,2,4.173130848226666,3.1416566707533335
GenGen,100_100,import,15,pb,3,3.66719928601,4.240516842886667
GenGen,100_100,import,16,pb,2,4.244887561333333,3.4857112721599997
GenGen,100_100,import,16,pb,3,4.195001623196667,4.314746453913333
GenGen,100_100,import,17,pb,2,3.9942120934433336,3.217910587426667
GenGen,100_100,import,17,pb,3,3.8016324138566673,4.2102439845866675
GenGen,100_100,import,18,pb,2,4.192827396559999,3.3687357718933337
GenGen,100_100,import,18,pb,3,3.5520503527800003,4.4574176203133336
GenGen,100_100,import,19,pb,2,3.855598786986667,2.926405895066667
GenGen,100_100,import,19,pb,3,3.8576658022733334,4.319683899709999
GenGen,100_100,import,20,pb,2,3.7834315153733336,2.70257407375
GenGen,100_100,import,20,pb,3,3.246010937456667,3.59639103911
GenGen,100_100,import,21,pb,2,5.7749236638033326,4.565659022956667
GenGen,100_100,import,21,pb,3,4.704675884596667,5.781679847546666
GenGen,100_100,import,22,pb,2,5.57203054602,4.834474068416667
GenGen,100_100,import,22,pb,3,5.1374062988333336,6.140509356443334
GenGen,100_100,import,23,pb,2,5.3397202480566675,5.037459141506667
GenGen,100_100,import,23,pb,3,5.175282531726666,5.922374249986667
GenGen,100_100,import,24,pb,2,5.66581651036,4.52454751003
GenGen,100_100,import,24,pb,3,5.069162790429999,5.907559379896667
GenGen,100_100,import,25,gpb,2,5.08156098832598,4.129724056099003
GenGen,100_100,import,25,gpb,3,4.665287530528289,5.5294779434796055
GenGen,100_100,import,26,gpb,2,5.051234604154978,3.9277437110691196
GenGen,100_100,import,26,gpb,3,4.275140205062897,5.18248955781045
GenGen,100_100,import,27,gpb,2,5.367035567447402,4.222919279891608
GenGen,100_100,import,27,gpb,3,4.562689710716387,5.555653637153455
GenGen,100_100,import,28,gpb,2,5.7807355454266665,4.465955254468889
GenGen,100_100,import,28,gpb,3,4.74078580734,5.994805003340001
GenGen,100_100,import,29,gpb,2,5.826280737824445,4.651084015104444
GenGen,100_100,import,29,gpb,3,5.0283822026088885,5.727766560755556
GenGen,100_100,import,30,gpb,2,5.400666342082222,4.3974877833755555
GenGen,100_100,import,30,gpb,3,5.076965072626668,5.990776887251111
GenGen,100_100,import,31,gpb,2,7.122222791862224,5.673361585975556
GenGen,100_100,import,31,gpb,3,6.220233441026667,7.6364782566
GenGen,100_100,import,32,gpb,2,7.717961840355556,6.344052066684445
GenGen,100_100,import,32,gpb,3,6.112474444402221,7.613434829422222
GenGen,100_100,import,33,gpb,2,7.7393943209266665,6.594842778586666
GenGen,100_100,import,33,gpb,3,6.825819225173333,8.20941062906
GenGen,100_100,import,34,gpb,2,8.055770386091112,6.841991224139999
GenGen,100_100,import,34,gpb,3,7.191200683415555,8.393109198442223
GenGen,100_100,import,35,gpb,2,8.111827268113332,6.9029243439088885
GenGen,100_100,import,35,gpb,3,7.174817325028889,9.091796062002222
GenGen,100_100,import,36,gpb,2,9.003421222513333,7.548922243882221
GenGen,100_100,import,36,gpb,3,7.59183522022889,9.401898938857778
GenGen,100_100,import,37,gpb,2,9.052579768002223,7.61919898936
GenGen,100_100,import,37,gpb,3,7.9578316278044445,9.60188393274222
GenGen,100_100,import,38,gpb,2,9.3472473379,7.89330689782
GenGen,100_100,import,38,gpb,3,8.314943052224445,10.266735298639999
GenGen,100_100,import,39,gpb,2,9.739780430824446,8.52703020541111
GenGen,100_100,import,39,gpb,3,9.03746855496889,10.679931872442223
GenGen,100_100,import,40,gpb,2,10.45232721302889,8.76046792750889
GenGen,100_100,import,40,gpb,3,8.911410459335556,10.836334562353331
GenGen,100_100,import,41,gpb,2,10.613099932275555,9.349238587659999
GenGen,100_100,import,41,gpb,3,9.508587131946667,11.627568688800002
GenGen,100_100,import,42,gpb,2,10.818109983793335,8.912424495675557
GenGen,100_100,import,42,gpb,3,9.633958867524443,11.78692625439111
GenGen,100_100,import,43,gpb,2,11.12975619814,9.270553274302225
GenGen,100_100,import,43,gpb,3,9.983875658188888,11.885592099455558
GenGen,100_100,import,44,gpb,2,11.750790160833333,9.749997890815557
GenGen,100_100,import,44,gpb,3,10.417775645873334,12.646358250939999
GenGen,100_100,import,45,gpb,2,11.916161199048886,10.439143715708889
GenGen,100_100,import,45,gpb,3,10.605950434653336,12.724945181517777
GenGen,100_100,import,46,gpb,2,12.19297024437111,10.087966566735554
GenGen,100_100,import,46,gpb,3,11.016019122484446,13.340069426228888
GenGen,100_100,import,47,gpb,2,12.496717008271112,10.494926948328889
GenGen,100_100,import,47,gpb,3,11.303807216273333,13.74191041116
GenGen,100_100,import,48,gpb,2,13.106986821215557,11.127244532217778
GenGen,100_100,import,48,gpb,3,11.79993062773111,13.988145826695552
GenGen,10_10,home,11,pb,2,2.6127730395916666,1.7833490992999999
GenGen,10_10,home,11,pb,3,2.9060670511583333,1.9560554535833337
GenGen,10_10,home,12,pb,2,2.7593381450499996,1.5780618129083335
GenGen,10_10,home,12,pb,3,2.4434224117833336,0.9667462759583333
GenGen,10_10,home,13,pb,2,2.7957541063249995,1.9159444952583335
GenGen,10_10,home,13,pb,3,2.4128307855916664,2.0532797261666667
GenGen,10_10,home,14,pb,2,2.6500072648499997,1.82248380025
GenGen,10_10,home,14,pb,3,2.933366849791667,2.1501049775
GenGen,10_10,home,15,pb,2,2.8344316436250003,1.9781368667416668
GenGen,10_10,home,15,pb,3,2.990132054375,2.155908822358333
GenGen,10_10,home,16,pb,2,2.725860871583334,1.6861055410333332
GenGen,10_10,home,16,pb,3,3.779334034925,2.558428317066667
GenGen,10_10,home,17,pb,2,2.999604549008333,1.8255193583416667
GenGen,10_10,home,17,pb,3,2.1230081869916666,1.582796095541667
GenGen,10_10,home,18,pb,2,3.0094254623833336,2.101472836375
GenGen,10_10,home,18,pb,3,2.563715441558333,1.5789945678833337
GenGen,10_10,home,19,pb,2,2.7464645786333333,1.67787173695
GenGen,10_10,home,19,pb,3,3.0222683100916665,1.8047136524666667
GenGen,10_10,home,20,pb,2,2.619504440275,1.8091568552916666
GenGen,10_10,home,20,pb,3,2.7204733276333335,1.9817278895916666
GenGen,10_10,home,21,pb,2,3.6536070811666668,2.7766847858
GenGen,10_10,home,21,pb,3,3.4003759685333335,2.6700978172333336
GenGen,10_10,home,22,pb,2,3.790299419991667,2.2865164947000003
GenGen,10_10,home,22,pb,3,3.7241192928666664,2.3421969937916667
GenGen,10_10,home,23,pb,2,3.5935804268166667,2.7374952408250004
GenGen,10_10,home,23,pb,3,3.489014769058334,2.5357211718833335
GenGen,10_10,home,24,pb,2,3.785980519858333,2.954206424341667
GenGen,10_10,home,24,pb,3,4.021434972291667,2.2065835967
GenGen,10_10,home,25,gpb,2,4.888995337011111,3.1065591086000004
GenGen,10_10,home,25,gpb,3,4.526221642672223,3.264091626247222
GenGen,10_10,home,26,gpb,2,3.5365041376553576,2.540944828198809
GenGen,10_10,home,26,gpb,3,3.9277977846376984,3.124366577706349
GenGen,10_10,home,27,gpb,2,4.450665356205953,3.108555156088691
GenGen,10_10,home,27,gpb,3,3.7549198360958336,2.646971118466667
GenGen,10_10,home,28,gpb,2,3.7763462124388893,2.7779330452833335
GenGen,10_10,home,28,gpb,3,3.231916083527777,2.4157395268777777
GenGen,10_10,home,29,gpb,2,4.2230199551666665,3.1424918804999997
GenGen,10_10,home,29,gpb,3,3.7014427822777782,2.6594147958388885
GenGen,10_10,home,30,gpb,2,4.448811178361111,3.129495764227778
GenGen,10_10,home,30,gpb,3,4.1641587511388884,2.7101844798
GenGen,10_10,home,31,gpb,2,5.905881243761112,4.224328960188889
GenGen,10_10,home,31,gpb,3,5.616568159500001,4.299522991077778
GenGen,10_10,home,32,gpb,2,6.467293464605555,4.647114364372222
GenGen,10_10,home,32,gpb,3,5.796930856444444,4.412379343261111
GenGen,10_10,home,33,gpb,2,6.578206409772222,4.597193288666666
GenGen,10_10,home,33,gpb,3,5.951352510694444,4.910088892849999
GenGen,10_10,home,34,gpb,2,7.002409656816667,5.060833450394444
GenGen,10_10,home,34,gpb,3,6.184072320711111,4.241546160127778
GenGen,10_10,home,35,gpb,2,7.372251262288889,5.390568828588889
GenGen,10_10,home,35,gpb,3,6.636711305111112,5.542569925872222
GenGen,10_10,home,36,gpb,2,7.260041573722223,5.302495979494444
GenGen,10_10,home,36,gpb,3,7.574620287355555,5.869734007855556
GenGen,10_10,home,37,gpb,2,8.323973974944444,6.092935999622221
GenGen,10_10,home,37,gpb,3,7.956129684633333,6.294889917994445
GenGen,10_10,home,38,gpb,2,8.245364116366666,6.080389264411111
GenGen,10_10,home,38,gpb,3,7.848472725611111,6.278185156283333
GenGen,10_10,home,39,gpb,2,8.37921886796111,6.308395839005556
GenGen,10_10,home,39,gpb,3,8.485254927538888,6.78492073055
GenGen,10_10,home,40,gpb,2,8.941866354616668,6.267346923305556
GenGen,10_10,home,40,gpb,3,8.352840790661112,6.793944462277778
GenGen,10_10,home,41,gpb,2,8.67248181843889,6.484053590144445
GenGen,10_10,home,41,gpb,3,8.983293169222222,7.078829422455556
GenGen,10_10,home,42,gpb,2,9.54147936481111,7.098132007094445
GenGen,10_10,home,42,gpb,3,9.063997612649999,7.363712009588888
GenGen,10_10,home,43,gpb,2,9.670688061472221,7.041687441038888
GenGen,10_10,home,43,gpb,3,9.456967088383331,7.725177566172223
GenGen,10_10,home,44,gpb,2,9.946482814172223,7.375883975777779
GenGen,10_10,home,44,gpb,3,10.183621902661109,8.737133192222224
GenGen,10_10,home,45,gpb,2,10.351044332994446,8.299234025383333
GenGen,10_10,home,45,gpb,3,9.950617410316665,8.08916689443889
GenGen,10_10,home,46,gpb,2,10.395772620061111,7.549517319261111
GenGen,10_10,home,46,gpb,3,11.039494325977778,8.701225973994445
GenGen,10_10,home,47,gpb,2,10.8279021783,8.589496168466667
GenGen,10_10,home,47,gpb,3,11.094973927144444,8.999606221533332
GenGen,10_10,home,48,gpb,2,11.488791592233333,8.9615617789
GenGen,10_10,home,48,gpb,3,11.24151759131111,9.57036575793889
GenGen,10_10,import,11,pb,2,4.512694813953334,3.7403882789100003
GenGen,10_10,import,11,pb,3,3.8853124265733334,4.516738127516667
GenGen,10_10,import,12,pb,2,4.0135223666833335,3.49417154112
GenGen,10_10,import,12,pb,3,3.791585629443334,4.294215209906667
GenGen,10_10,import,13,pb,2,4.210783081280001,3.029842669556667
GenGen,10_10,import,13,pb,3,3.525873354156667,4.211613320663333
GenGen,10_10,import,14,pb,2,3.8139382144666665,3.4544382481633336
GenGen,10_10,import,14,pb,3,3.56168924605,4.264280924486666
GenGen,10_10,import,15,pb,2,4.173130848226666,3.1416566707533335
GenGen,10_10,import,15,pb,3,3.66719928601,4.240516842886667
GenGen,10_10,import,16,pb,2,4.244887561333333,3.4857112721599997
GenGen,10_10,import,16,pb,3,4.195001623196667,4.314746453913333
GenGen,10_10,import,17,pb,2,3.9942120934433336,3.217910587426667
GenGen,10_10,import,17,pb,3,3.8016324138566673,4.2102439845866675
GenGen,10_10,import,18,pb,2,4.192827396559999,3.3687357718933337
GenGen,10_10,import,18,pb,3,3.5520503527800003,4.4574176203133336
GenGen,10_10,import,19,pb,2,3.855598786986667,2.926405895066667
GenGen,10_10,import,19,pb,3,3.8576658022733334,4.319683899709999
GenGen,10_10,import,20,pb,2,3.7834315153733336,2.70257407375
GenGen,10_10,import,20,pb,3,3.246010937456667,3.59639103911
GenGen,10_10,import,21,pb,2,5.7749236638033326,4.565659022956667
GenGen,10_10,import,21,pb,3,4.704675884596667,5.781679847546666
GenGen,10_10,import,22,pb,2,5.57203054602,4.834474068416667
GenGen,10_10,import,22,pb,3,5.1374062988333336,6.140509356443334
GenGen,10_10,import,23,pb,2,5.3397202480566675,5.037459141506667
GenGen,10_10,import,23,pb,3,5.175282531726666,5.922374249986667
GenGen,10_10,import,24,pb,2,5.66581651036,4.52454751003
GenGen,10_10,import,24,pb,3,5.069162790429999,5.907559379896667
GenGen,10_10,import,25,gpb,2,5.08156098832598,4.129724056099003
GenGen,10_10,import,25,gpb,3,4.665287530528289,5.5294779434796055
GenGen,10_10,import,26,gpb,2,5.051234604154978,3.9277437110691196
GenGen,10_10,import,26,gpb,3,4.275140205062897,5.18248955781045
GenGen,10_10,import,27,gpb,2,5.367035567447402,4.222919279891608
GenGen,10_10,import,27,gpb,3,4.562689710716387,5.555653637153455
GenGen,10_10,import,28,gpb,2,5.7807355454266665,4.465955254468889
GenGen,10_10,import,28,gpb,3,4.74078580734,5.994805003340001
GenGen,10_10,import,29,gpb,2,5.826280737824445,4.651084015104444
GenGen,10_10,import,29,gpb,3,5.0283822026088885,5.727766560755556
GenGen,10_10,import,30,gpb,2,5.406475205715555,4.41651326852
GenGen,10_10,import,30,gpb,3,4.862664019491112,5.817738882622223
GenGen,10_10,import,31,gpb,2,7.466089693080001,5.9055428022022225
GenGen,10_10,import,31,gpb,3,6.360975656231112,7.733028643748891
GenGen,10_10,import,32,gpb,2,7.511827187393333,6.180853898506666
GenGen,10_10,import,32,gpb,3,6.953603734446666,8.09269989252
GenGen,10_10,import,33,gpb,2,7.94398995424,6.343488262693332
GenGen,10_10,import,33,gpb,3,6.849298674151111,8.32376910797111
GenGen,10_10,import,34,gpb,2,8.359561457982222,6.843076087328889
GenGen,10_10,import,34,gpb,3,7.18508685114,8.478448098484444
GenGen,10_10,import,35,gpb,2,8.246236124951112,6.968851028524445
GenGen,10_10,import,35,gpb,3,7.557113482088888,9.045232772479999
GenGen,10_10,import,36,gpb,2,9.015572594766669,7.337000631686666
GenGen,10_10,import,36,gpb,3,7.702323274075556,9.339939255517777
GenGen,10_10,import,37,gpb,2,9.185374758644445,7.438122836833333
GenGen,10_10,import,37,gpb,3,7.885369953053334,9.68339930453111
GenGen,10_10,import,38,gpb,2,9.441490181862221,8.050191037095555
GenGen,10_10,import,38,gpb,3,8.362356028744445,10.311194606733332
GenGen,10_10,import,39,gpb,2,9.903712561533334,8.212711146691111
GenGen,10_10,import,39,gpb,3,8.552657801428888,10.258038822857777
GenGen,10_10,import,40,gpb,2,10.14258784238,8.558223733062222
GenGen,10_10,import,40,gpb,3,8.92661822501111,10.891261102353335
GenGen,10_10,import,41,gpb,2,10.711148961751112,8.83490604108
GenGen,10_10,import,41,gpb,3,8.98697174868,10.991092610486666
GenGen,10_10,import,42,gpb,2,10.557372909977778,8.795944708306665
GenGen,10_10,import,42,gpb,3,9.273207949573333,11.520556590062222
GenGen,10_10,import,43,gpb,2,11.398474025566665,9.290100739
GenGen,10_10,import,43,gpb,3,9.942387394764445,11.988936352697777
GenGen,10_10,import,44,gpb,2,11.44129365663111,9.568005331826667
GenGen,10_10,import,44,gpb,3,9.968561849979999,12.170522196057776
GenGen,10_10,import,45,gpb,2,11.409739621173335,9.311504139233334
GenGen,10_10,import,45,gpb,3,10.137541962046667,12.577981107395557
GenGen,10_10,import,46,gpb,2,12.269818766066669,10.482946012217779
GenGen,10_10,import,46,gpb,3,10.569683745219999,13.078139823615553
GenGen,10_10,import,47,gpb,2,12.346953237637777,10.570272305959998
GenGen,10_10,import,47,gpb,3,11.086856086553333,13.401485254202223
GenGen,10_10,import,48,gpb,2,13.022849762348889,10.706985736193333
GenGen,10_10,import,48,gpb,3,11.06292199007778,13.78790981943778
GenGen,25_25,home,11,pb,2,2.6127730395916666,1.7833490992999999
GenGen,25_25,home,11,pb,3,2.9060670511583333,1.9560554535833337
GenGen,25_25,home,12,pb,2,2.7593381450499996,1.5780618129083335
GenGen,25_25,home,12,pb,3,2.4434224117833336,0.9667462759583333
GenGen,25_25,home,13,pb,2,2.7957541063249995,1.9159444952583335
GenGen,25_25,home,13,pb,3,2.4128307855916664,2.0532797261666667
GenGen,25_25,home,14,pb,2,2.6500072648499997,1.82248380025
GenGen,25_25,home,14,pb,3,2.933366849791667,2.1501049775
GenGen,25_25,home,15,pb,2,2.8344316436250003,1.9781368667416668
GenGen,25_25,home,15,pb,3,2.990132054375,2.155908822358333
GenGen,25_25,home,16,pb,2,2.725860871583334,1.6861055410333332
GenGen,25_25,home,16,pb,3,3.779334034925,2.558428317066667
GenGen,25_25,home,17,pb,2,2.999604549008333,1.8255193583416667
GenGen,25_25,home,17,pb,3,2.1230081869916666,1.582796095541667
GenGen,25_25,home,18,pb,2,3.0094254623833336,2.101472836375
GenGen,25_25,home,18,pb,3,2.563715441558333,1.5789945678833337
GenGen,25_25,home,19,pb,2,2.7464645786333333,1.67787173695
GenGen,25_25,home,19,pb,3,3.0222683100916665,1.8047136524666667
GenGen,25_25,home,20,pb,2,2.619504440275,1.8091568552916666
GenGen,25_25,home,20,pb,3,2.7204733276333335,1.9817278895916666
GenGen,25_25,home,21,pb,2,3.6536070811666668,2.7766847858
GenGen,25_25,home,21,pb,3,3.4003759685333335,2.6700978172333336
GenGen,25_25,home,22,pb,2,3.790299419991667,2.2865164947000003
GenGen,25_25,home,22,pb,3,3.7241192928666664,2.3421969937916667
GenGen,25_25,home,23,pb,2,3.5935804268166667,2.7374952408250004
GenGen,25_25,home,23,pb,3,3.489014769058334,2.5357211718833335
GenGen,25_25,home,24,pb,2,3.785980519858333,2.954206424341667
GenGen,25_25,home,24,pb,3,4.021434972291667,2.2065835967
GenGen,25_25,home,25,gpb,2,4.888995337011111,3.1065591086000004
GenGen,25_25,home,25,gpb,3,4.526221642672223,3.264091626247222
GenGen,25_25,home,26,gpb,2,3.5365041376553576,2.540944828198809
GenGen,25_25,home,26,gpb,3,3.9277977846376984,3.124366577706349
GenGen,25_25,home,27,gpb,2,4.450665356205953,3.108555156088691
GenGen,25_25,home,27,gpb,3,3.7549198360958336,2.646971118466667
GenGen,25_25,home,28,gpb,2,3.7763462124388893,2.7779330452833335
GenGen,25_25,home,28,gpb,3,3.231916083527777,2.4157395268777777
GenGen,25_25,home,29,gpb,2,4.2230199551666665,3.1424918804999997
GenGen,25_25,home,29,gpb,3,3.7014427822777782,2.6594147958388885
GenGen,25_25,home,30,gpb,2,4.306052456555555,2.905678433838889
GenGen,25_25,home,30,gpb,3,4.233134861022222,2.890752828861111
GenGen,25_25,home,31,gpb,2,6.1492113754833335,4.456112737844444
GenGen,25_25,home,31,gpb,3,5.630433420355555,4.250659412644445
GenGen,25_25,home,32,gpb,2,5.827567134466666,4.504827046966667
GenGen,25_25,home,32,gpb,3,5.130825271650001,3.9673333970222218
GenGen,25_25,home,33,gpb,2,6.627444166555555,4.937485266361111
GenGen,25_25,home,33,gpb,3,6.5025336348666665,4.863016721838888
GenGen,25_25,home,34,gpb,2,7.14937154933889,5.5537057526166675
GenGen,25_25,home,34,gpb,3,6.587955512027778,5.079977162922223
GenGen,25_25,home,35,gpb,2,8.062384012194444,6.214281771416666
GenGen,25_25,home,35,gpb,3,6.914983174933332,5.371374741822223
GenGen,25_25,home,36,gpb,2,7.443195405450001,5.4751708131333325
GenGen,25_25,home,36,gpb,3,7.235534589327778,5.786964431922222
GenGen,25_25,home,37,gpb,2,8.098177283722222,6.249141131777779
GenGen,25_25,home,37,gpb,3,7.869341063538889,7.168671633261112
GenGen,25_25,home,38,gpb,2,8.408313779672222,6.727290226055556
GenGen,25_25,home,38,gpb,3,7.785959212588888,7.0072575664777785
GenGen,25_25,home,39,gpb,2,8.874212664300002,6.70710361313889
GenGen,25_25,home,39,gpb,3,8.571721659055557,7.595879768372221
GenGen,25_25,home,40,gpb,2,8.927366617316666,6.916094480677778
GenGen,25_25,home,40,gpb,3,8.681344456633333,7.7949319759055555
GenGen,25_25,home,41,gpb,2,9.33282326728889,7.500021053250001
GenGen,25_25,home,41,gpb,3,9.209233733322222,8.45409793686111
GenGen,25_25,home,42,gpb,2,10.01677377858889,8.365136262261112
GenGen,25_25,home,42,gpb,3,9.781542867694446,8.996338124127778
GenGen,25_25,home,43,gpb,2,10.02379190181111,7.698593358377778
GenGen,25_25,home,43,gpb,3,9.848734385344445,9.0186837762
GenGen,25_25,home,44,gpb,2,10.389590093927778,7.821970418844445
GenGen,25_25,home,44,gpb,3,10.527544157133335,10.064533630205554
GenGen,25_25,home,45,gpb,2,10.960008947650001,8.586485223405555
GenGen,25_25,home,45,gpb,3,11.140652353922222,9.725511034822224
GenGen,25_25,home,46,gpb,2,11.343053745761111,8.774684463583334
GenGen,25_25,home,46,gpb,3,10.784567533466669,9.80820772501111
GenGen,25_25,home,47,gpb,2,11.584320629277778,9.432682595777779
GenGen,25_25,home,47,gpb,3,10.91796972895,10.219844026550001
GenGen,25_25,home,48,gpb,2,12.086974443205557,9.758621360633335
GenGen,25_25,home,48,gpb,3,11.343097014005556,10.44404224886111
GenGen,25_25,import,11,pb,2,4.512694813953334,3.7403882789100003
GenGen,25_25,import,11,pb,3,3.8853124265733334,4.516738127516667
GenGen,25_25,import,12,pb,2,4.0135223666833335,3.49417154112
GenGen,25_25,import,12,pb,3,3.791585629443334,4.294215209906667
GenGen,25_25,import,13,pb,2,4.210783081280001,3.029842669556667
GenGen,25_25,import,13,pb,3,3.525873354156667,4.211613320663333
GenGen,25_25,import,14,pb,2,3.8139382144666665,3.4544382481633336
GenGen,25_25,import,14,pb,3,3.56168924605,4.264280924486666
GenGen,25_25,import,15,pb,2,4.173130848226666,3.1416566707533335
GenGen,25_25,import,15,pb,3,3.66719928601,4.240516842886667
GenGen,25_25,import,16,pb,2,4.244887561333333,3.4857112721599997
GenGen,25_25,import,16,pb,3,4.195001623196667,4.314746453913333
GenGen,25_25,import,17,pb,2,3.9942120934433336,3.217910587426667
GenGen,25_25,import,17,pb,3,3.8016324138566673,4.2102439845866675
GenGen,25_25,import,18,pb,2,4.192827396559999,3.3687357718933337
GenGen,25_25,import,18,pb,3,3.5520503527800003,4.4574176203133336
GenGen,25_25,import,19,pb,2,3.855598786986667,2.926405895066667
GenGen,25_25,import,19,pb,3,3.8576658022733334,4.319683899709999
GenGen,25_25,import,20,pb,2,3.7834315153733336,2.70257407375
GenGen,25_25,import,20,pb,3,3.246010937456667,3.59639103911
GenGen,25_25,import,21,pb,2,5.7749236638033326,4.565659022956667
GenGen,25_25,import,21,pb,3,4.704675884596667,5.781679847546666
GenGen,25_25,import,22,pb,2,5.57203054602,4.834474068416667
GenGen,25_25,import,22,pb,3,5.1374062988333336,6.140509356443334
GenGen,25_25,import,23,pb,2,5.3397202480566675,5.037459141506667
GenGen,25_25,import,23,pb,3,5.175282531726666,5.922374249986667
GenGen,25_25,import,24,pb,2,5.66581651036,4.52454751003
GenGen,25_25,import,24,pb,3,5.069162790429999,5.907559379896667
GenGen,25_25,import,25,gpb,2,5.08156098832598,4.129724056099003
GenGen,25_25,import,25,gpb,3,4.665287530528289,5.5294779434796055
GenGen,25_25,import,26,gpb,2,5.051234604154978,3.9277437110691196
GenGen,25_25,import,26,gpb,3,4.275140205062897,5.18248955781045
GenGen,25_25,import,27,gpb,2,5.367035567447402,4.222919279891608
GenGen,25_25,import,27,gpb,3,4.562689710716387,5.555653637153455
GenGen,25_25,import,28,gpb,2,5.7807355454266665,4.465955254468889
GenGen,25_25,import,28,gpb,3,4.74078580734,5.994805003340001
GenGen,25_25,import,29,gpb,2,5.826280737824445,4.651084015104444
GenGen,25_25,import,29,gpb,3,5.0283822026088885,5.727766560755556
GenGen,25_25,import,30,gpb,2,5.392280997806668,4.365430542128888
GenGen,25_25,import,30,gpb,3,4.924439897873334,5.8692747537044445
GenGen,25_25,import,31,gpb,2,7.50424524465111,6.147164008228889
GenGen,25_25,import,31,gpb,3,6.288652578653334,7.771947372315555
GenGen,25_25,import,32,gpb,2,7.422176340511111,6.281966780680001
GenGen,25_25,import,32,gpb,3,6.42540728987111,7.8412804010977775
GenGen,25_25,import,33,gpb,2,7.831560665546667,6.356670157651109
GenGen,25_25,import,33,gpb,3,6.5827986279555555,8.405662792568888
GenGen,25_25,import,34,gpb,2,7.987021444213333,6.758051866104444
GenGen,25_25,import,34,gpb,3,7.026174299062223,8.648806793977778
GenGen,25_25,import,35,gpb,2,8.377814403595554,6.867947867028889
GenGen,25_25,import,35,gpb,3,7.556383525179999,9.292176719995554
GenGen,25_25,import,36,gpb,2,8.843194365035556,7.518602015308889
GenGen,25_25,import,36,gpb,3,7.595135021311111,9.424283330015557
GenGen,25_25,import,37,gpb,2,8.895665297431112,7.351412929977776
GenGen,25_25,import,37,gpb,3,8.014346920568888,9.79968951744889
GenGen,25_25,import,38,gpb,2,9.590359291617778,7.99383068962
GenGen,25_25,import,38,gpb,3,8.090100204862223,10.154233213499998
GenGen,25_25,import,39,gpb,2,9.826243581348889,8.242390282415556
GenGen,25_25,import,39,gpb,3,8.584984289086666,10.632608022982224
GenGen,25_25,import,40,gpb,2,10.37389638664,8.500436491573334
GenGen,25_25,import,40,gpb,3,8.963252543862222,10.96868932526
GenGen,25_25,import,41,gpb,2,10.271306751002221,8.487030518953333
GenGen,25_25,import,41,gpb,3,9.17391718401778,11.478846903802221
GenGen,25_25,import,42,gpb,2,10.812680907817779,9.086652308593335
GenGen,25_25,import,42,gpb,3,9.237070331808889,11.602362805944445
GenGen,25_25,import,43,gpb,2,11.141132104208888,9.225712967022224
GenGen,25_25,import,43,gpb,3,10.086447614046667,12.394750679855557
GenGen,25_25,import,44,gpb,2,11.717618483960003,9.609379479646668
GenGen,25_25,import,44,gpb,3,9.766844357028889,12.559315568322221
GenGen,25_25,import,45,gpb,2,11.693554426846669,9.94636946564889
GenGen,25_25,import,45,gpb,3,10.603503443795555,13.198543598177777
GenGen,25_25,import,46,gpb,2,12.406046421157777,10.50116446373111
GenGen,25_25,import,46,gpb,3,10.410574832133335,13.103812019962222
GenGen,25_25,import,47,gpb,2,12.534685309857778,10.707593679762224
GenGen,25_25,import,47,gpb,3,10.933444291566666,13.695968645406666
GenGen,25_25,import,48,gpb,2,13.051613408891109,10.97730392858
GenGen,25_25,import,48,gpb,3,10.965263929984445,13.92781773449778
GenGen,50_50,home,11,pb,2,2.6127730395916666,1.7833490992999999
GenGen,50_50,home,11,pb,3,2.9060670511583333,1.9560554535833337
GenGen,50_50,home,12,pb,2,2.7593381450499996,1.5780618129083335
GenGen,50_50,home,12,pb,3,2.4434224117833336,0.9667462759583333
GenGen,50_50,home,13,pb,2,2.7957541063249995,1.9159444952583335
GenGen,50_50,home,13,pb,3,2.4128307855916664,2.0532797261666667
GenGen,50_50,home,14,pb,2,2.6500072648499997,1.82248380025
GenGen,50_50,home,14,pb,3,2.933366849791667,2.1501049775
GenGen,50_50,home,15,pb,2,2.8344316436250003,1.9781368667416668
GenGen,50_50,home,15,pb,3,2.990132054375,2.155908822358333
GenGen,50_50,home,16,pb,2,2.725860871583334,1.6861055410333332
GenGen,50_50,home,16,pb,3,3.779334034925,2.558428317066667
GenGen,50_50,home,17,pb,2,2.999604549008333,1.8255193583416667
GenGen,50_50,home,17,pb,3,2.1230081869916666,1.582796095541667
GenGen,50_50,home,18,pb,2,3.0094254623833336,2.101472836375
GenGen,50_50,home,18,pb,3,2.563715441558333,1.5789945678833337
GenGen,50_50,home,19,pb,2,2.7464645786333333,1.67787173695
GenGen,50_50,home,19,pb,3,3.0222683100916665,1.8047136524666667
GenGen,50_50,home,20,pb,2,2.619504440275,1.8091568552916666
GenGen,50_50,home,20,pb,3,2.7204733276333335,1.9817278895916666
GenGen,50_50,home,21,pb,2,3.6536070811666668,2.7766847858
GenGen,50_50,home,21,pb,3,3.4003759685333335,2.6700978172333336
GenGen,50_50,home,22,pb,2,3.790299419991667,2.2865164947000003
GenGen,50_50,home,22,pb,3,3.7241192928666664,2.3421969937916667
GenGen,50_50,home,23,pb,2,3.5935804268166667,2.7374952408250004
GenGen,50_50,home,23,pb,3,3.489014769058334,2.5357211718833335
GenGen,50_50,home,24,pb,2,3.785980519858333,2.954206424341667
GenGen,50_50,home,24,pb,3,4.021434972291667,2.2065835967
GenGen,50_50,home,25,gpb,2,4.888995337011111,3.1065591086000004
GenGen,50_50,home,25,gpb,3,4.526221642672223,3.264091626247222
GenGen,50_50,home,26,gpb,2,3.5365041376553576,2.540944828198809
GenGen,50_50,home,26,gpb,3,3.9277977846376984,3.124366577706349
GenGen,50_50,home,27,gpb,2,4.450665356205953,3.108555156088691
GenGen,50_50,home,27,gpb,3,3.7549198360958336,2.646971118466667
GenGen,50_50,home,28,gpb,2,3.7763462124388893,2.7779330452833335
GenGen,50_50,home,28,gpb,3,3.231916083527777,2.4157395268777777
GenGen,50_50,home,29,gpb,2,4.2230199551666665,3.1424918804999997
GenGen,50_50,home,29,gpb,3,3.7014427822777782,2.6594147958388885
GenGen,50_50,home,30,gpb,2,4.5269984890611115,3.1773794169499996
GenGen,50_50,home,30,gpb,3,4.2863630366444445,2.94327168565
GenGen,50_50,home,31,gpb,2,6.806817931277777,4.560731584255556
GenGen,50_50,home,31,gpb,3,6.154436961011111,4.79640622615
GenGen,50_50,home,32,gpb,2,6.542163343972223,5.261578042105556
GenGen,50_50,home,32,gpb,3,5.726214274761111,4.4410611735888885
GenGen,50_50,home,33,gpb,2,6.749203709283333,5.158045975655555
GenGen,50_50,home,33,gpb,3,6.614301318022222,5.507559481877778
GenGen,50_50,home,34,gpb,2,7.079988695072221,5.332185605561111
GenGen,50_50,home,34,gpb,3,7.131168197572222,6.526114901211112
GenGen,50_50,home,35,gpb,2,7.909715114238888,5.898139558227778
GenGen,50_50,home,35,gpb,3,7.395937301372222,6.3781344809944445
GenGen,50_50,home,36,gpb,2,7.635614104694445,6.3224419308833335
GenGen,50_50,home,36,gpb,3,8.014065746505556,6.994041668116666
GenGen,50_50,home,37,gpb,2,8.547071643594444,6.761021994022222
GenGen,50_50,home,37,gpb,3,8.166514153055557,7.484969071083332
GenGen,50_50,home,38,gpb,2,8.576779656572223,6.763958572011112
GenGen,50_50,home,38,gpb,3,8.16149436578889,7.224118588183333
GenGen,50_50,home,39,gpb,2,9.396881072455555,7.603199909833333
GenGen,50_50,home,39,gpb,3,9.066883687038889,8.548460617677778
GenGen,50_50,home,40,gpb,2,9.078325891305555,7.26517257136111
GenGen,50_50,home,40,gpb,3,9.280678472055556,9.045824998461113
GenGen,50_50,home,41,gpb,2,9.81723139965,7.7628253401444445
GenGen,50_50,home,41,gpb,3,9.280771358966668,8.79259387625
GenGen,50_50,home,42,gpb,2,10.272404305572223,7.78716976985
GenGen,50_50,home,42,gpb,3,10.195661038466666,9.91653899531111
GenGen,50_50,home,43,gpb,2,10.634471312050001,8.804927430172222
GenGen,50_50,home,43,gpb,3,10.155646152711109,10.010199347833334
GenGen,50_50,home,44,gpb,2,10.967006377727778,8.736751695416666
GenGen,50_50,home,44,gpb,3,10.793363759050001,10.244531560577778
GenGen,50_50,home,45,gpb,2,11.135921980677779,9.374167010272222
GenGen,50_50,home,45,gpb,3,10.472831569827777,10.116254875777779
GenGen,50_50,home,46,gpb,2,11.91607173237778,9.915467725033333
GenGen,50_50,home,46,gpb,3,10.830621057572223,10.860073819777776
GenGen,50_50,home,47,gpb,2,11.945258175583334,9.980055798499999
GenGen,50_50,home,47,gpb,3,10.916364908111111,10.755068415111111
GenGen,50_50,home,48,gpb,2,12.439246471538889,10.56900169198889
GenGen,50_50,home,48,gpb,3,11.609972806361109,12.316411907527778
GenGen,50_50,import,11,pb,2,4.512694813953334,3.7403882789100003
GenGen,50_50,import,11,pb,3,3.8853124265733334,4.516738127516667
GenGen,50_50,import,12,pb,2,4.0135223666833335,3.49417154112
GenGen,50_50,import,12,pb,3,3.791585629443334,4.294215209906667
GenGen,50_50,import,13,pb,2,4.210783081280001,3.029842669556667
GenGen,50_50,import,13,pb,3,3.525873354156667,4.211613320663333
GenGen,50_50,import,14,pb,2,3.8139382144666665,3.4544382481633336
GenGen,50_50,import,14,pb,3,3.56168924605,4.264280924486666
GenGen,50_50,import,15,pb,2,4.173130848226666,3.1416566707533335
GenGen,50_50,import,15,pb,3,3.66719928601,4.240516842886667
GenGen,50_50,import,16,pb,2,4.244887561333333,3.4857112721599997
GenGen,50_50,import,16,pb,3,4.195001623196667,4.314746453913333
GenGen,50_50,import,17,pb,2,3.9942120934433336,3.217910587426667
GenGen,50_50,import,17,pb,3,3.8016324138566673,4.2102439845866675
GenGen,50_50,import,18,pb,2,4.192827396559999,3.3687357718933337
GenGen,50_50,import,18,pb,3,3.5520503527800003,4.4574176203133336
GenGen,50_50,import,19,pb,2,3.855598786986667,2.926405895066667
GenGen,50_50,import,19,pb,3,3.8576658022733334,4.319683899709999
GenGen,50_50,import,20,pb,2,3.7834315153733336,2.70257407375
GenGen,50_50,import,20,pb,3,3.246010937456667,3.59639103911
GenGen,50_50,import,21,pb,2,5.7749236638033326,4.565659022956667
GenGen,50_50,import,21,pb,3,4.704675884596667,5.781679847546666
GenGen,50_50,import,22,pb,2,5.57203054602,4.834474068416667
GenGen,50_50,import,22,pb,3,5.1374062988333336,6.140509356443334
GenGen,50_50,import,23,pb,2,5.3397202480566675,5.037459141506667
GenGen,50_50,import,23,pb,3,5.175282531726666,5.922374249986667
GenGen,50_50,import,24,pb,2,5.66581651036,4.52454751003
GenGen,50_50,import,24,pb,3,5.069162790429999,5.907559379896667
GenGen,50_50,import,25,gpb,2,5.08156098832598,4.129724056099003
GenGen,50_50,import,25,gpb,3,4.665287530528289,5.5294779434796055
GenGen,50_50,import,26,gpb,2,5.051234604154978,3.9277437110691196
GenGen,50_50,import,26,gpb,3,4.275140205062897,5.18248955781045
GenGen,50_50,import,27,gpb,2,5.367035567447402,4.222919279891608
GenGen,50_50,import,27,gpb,3,4.562689710716387,5.555653637153455
GenGen,50_50,import,28,gpb,2,5.7807355454266665,4.465955254468889
GenGen,50_50,import,28,gpb,3,4.74078580734,5.994805003340001
GenGen,50_50,import,29,gpb,2,5.826280737824445,4.651084015104444
GenGen,50_50,import,29,gpb,3,5.0283822026088885,5.727766560755556
GenGen,50_50,import,30,gpb,2,5.355843480584444,4.329569288537779
GenGen,50_50,import,30,gpb,3,5.074973458953333,5.935614571042223
GenGen,50_50,import,31,gpb,2,7.10596784482,6.047769530028888
GenGen,50_50,import,31,gpb,3,6.523366293197777,7.980907861491111
GenGen,50_50,import,32,gpb,2,7.497693760662222,6.266793926773333
GenGen,50_50,import,32,gpb,3,6.517351210926667,8.09694181783111
GenGen,50_50,import,33,gpb,2,7.526031105880001,6.2719274165488885
GenGen,50_50,import,33,gpb,3,6.540835666231111,7.934547125148889
GenGen,50_50,import,34,gpb,2,8.21165824285111,7.1314884811355554
GenGen,50_50,import,34,gpb,3,7.249373792188888,8.706968251926666
GenGen,50_50,import,35,gpb,2,8.482070238197778,7.016352118268888
GenGen,50_50,import,35,gpb,3,7.463786953415554,9.11782349360889
GenGen,50_50,import,36,gpb,2,8.881406320826665,7.665702860233334
GenGen,50_50,import,36,gpb,3,7.62112578288,9.346263512224446
GenGen,50_50,import,37,gpb,2,9.40584846859111,7.896255972266666
GenGen,50_50,import,37,gpb,3,8.037196128133333,9.603106219568888
GenGen,50_50,import,38,gpb,2,9.321730650953333,7.972286878748889
GenGen,50_50,import,38,gpb,3,8.253966130513334,10.304327592757778
GenGen,50_50,import,39,gpb,2,9.711913816153334,8.159634279106667
GenGen,50_50,import,39,gpb,3,8.716597924239998,10.589803636028888
GenGen,50_50,import,40,gpb,2,10.024924695408886,8.635722851142221
GenGen,50_50,import,40,gpb,3,8.704339996264444,10.789693763322225
GenGen,50_50,import,41,gpb,2,10.384151160362224,8.957498393744446
GenGen,50_50,import,41,gpb,3,9.156070405928888,11.404440710293335
GenGen,50_50,import,42,gpb,2,10.911913758315556,9.525552752551112
GenGen,50_50,import,42,gpb,3,9.760960792168888,11.864548676393333
GenGen,50_50,import,43,gpb,2,11.043654303515554,9.375356205682221
GenGen,50_50,import,43,gpb,3,10.006576401964445,12.218953239571109
GenGen,50_50,import,44,gpb,2,11.598341817693333,9.987179201928889
GenGen,50_50,import,44,gpb,3,10.049240611160002,12.537922256704443
GenGen,50_50,import,45,gpb,2,11.84361159206,10.209014718131112
GenGen,50_50,import,45,gpb,3,10.335428563386666,12.768360498748889
GenGen,50_50,import,46,gpb,2,12.15549278283111,10.583542827711112
GenGen,50_50,import,46,gpb,3,10.802086126666667,13.37118294442889
GenGen,50_50,import,47,gpb,2,12.495675705182222,10.78782149621111
GenGen,50_50,import,47,gpb,3,10.705687021933334,13.437549068002221
GenGen,50_50,import,48,gpb,2,12.639990828295552,11.001421487617778
GenGen,50_50,import,48,gpb,3,11.515358050242222,14.130376776455554
