Group,Generation,cat,gvNormUnres1,gvNormUnres2,scenario,rep,trait,strategy
home,35,gpb,6.1197997963285715,5.060359955885715,10_10,0,2,ClassGen
home,36,gpb,6.034090760220001,5.244028710199999,10_10,0,2,ClassGen
home,37,gpb,4.665700763983334,3.645650045383333,10_10,0,2,ClassGen
home,38,gpb,5.5471442313,4.758661747700001,10_10,0,2,ClassGen
home,39,gpb,5.326639668049999,4.21273371925,10_10,0,2,ClassGen
home,40,gpb,6.518210698983334,5.280777594933332,10_10,0,2,ClassGen
home,41,gpb,8.063379141616666,6.839087793533333,10_10,0,2,ClassGen
home,42,gpb,8.075718314883334,7.678877590866667,10_10,0,2,ClassGen
home,43,gpb,8.654067353083335,7.771218418216667,10_10,0,2,ClassGen
home,44,gpb,8.436434387750001,8.128745510083332,10_10,0,2,ClassGen
home,45,gpb,9.518122686133333,8.889487229683333,10_10,0,2,ClassGen
home,46,gpb,10.488590172366667,9.811545937566665,10_10,0,2,ClassGen
home,47,gpb,9.898662244150001,9.744457222333333,10_10,0,2,ClassGen
home,48,gpb,9.624647995566667,8.796496068349999,10_10,0,2,ClassGen
import,25,gpb,4.60141914074,5.35734371676,10_10,0,2,ClassGen
import,26,gpb,4.25001416044,4.73487898988,10_10,0,2,ClassGen
import,27,gpb,5.19027144086,6.19138617596,10_10,0,2,ClassGen
import,28,gpb,4.9563543405,5.492299126240001,10_10,0,2,ClassGen
import,29,gpb,4.761581071739999,5.30913457844,10_10,0,2,ClassGen
import,30,gpb,5.94130026702,7.398991372980001,10_10,0,2,ClassGen
import,31,gpb,6.1961060224399995,7.16704781662,10_10,0,2,ClassGen
import,32,gpb,6.5356476558,7.3613384553599985,10_10,0,2,ClassGen
import,33,gpb,6.77712138934,7.49913401976,10_10,0,2,ClassGen
import,34,gpb,7.237271844220001,8.667247581119998,10_10,0,2,ClassGen
import,35,gpb,6.8969986512,8.244032914850001,10_10,0,2,ClassGen
import,36,gpb,8.151763355944443,9.031094850855554,10_10,0,2,ClassGen
import,37,gpb,8.289242664933333,8.923836324788887,10_10,0,2,ClassGen
import,38,gpb,9.050102887222222,9.882254554288888,10_10,0,2,ClassGen
import,39,gpb,8.680484252983334,9.788250405733335,10_10,0,2,ClassGen
import,40,gpb,9.677032893683332,10.85784858025,10_10,0,2,ClassGen
import,41,gpb,9.200836310616666,9.99201248605,10_10,0,2,ClassGen
import,42,gpb,8.807793301299998,10.446092647183333,10_10,0,2,ClassGen
import,43,gpb,10.074973329033332,11.512517440949999,10_10,0,2,ClassGen
import,44,gpb,10.161381583683333,11.653599168166666,10_10,0,2,ClassGen
import,45,gpb,11.310899921383333,12.40190224035,10_10,0,2,ClassGen
import,46,gpb,10.538042606749999,11.98910091375,10_10,0,2,ClassGen
import,47,gpb,10.670838587116664,11.866832037666668,10_10,0,2,ClassGen
import,48,gpb,12.6614643302,13.780161027383334,10_10,0,2,ClassGen
import,25,gpb,4.29487755452,4.985797402960001,25_25,0,2,ClassGen
import,26,gpb,4.73649285216,5.06669367486,25_25,0,2,ClassGen
import,27,gpb,5.4523265047,5.953056657859999,25_25,0,2,ClassGen
import,28,gpb,4.52152309956,5.528854497959999,25_25,0,2,ClassGen
import,29,gpb,5.24262166198,6.08008900236,25_25,0,2,ClassGen
import,30,gpb,4.864415853080001,6.46655538614,25_25,0,2,ClassGen
import,31,gpb,5.706198659760001,6.4889243067799995,25_25,0,2,ClassGen
import,32,gpb,6.67934969448,7.39185431736,25_25,0,2,ClassGen
import,33,gpb,6.366955711699999,7.54860428774,25_25,0,2,ClassGen
import,34,gpb,7.07931143024,8.3437748916,25_25,0,2,ClassGen
import,35,gpb,7.406020616420001,8.38480111842,25_25,0,2,ClassGen
import,36,gpb,7.837071159259999,9.1023810964,25_25,0,2,ClassGen
import,37,gpb,8.524554281339999,9.1186373955,25_25,0,2,ClassGen
import,38,gpb,8.772461809500001,10.16826036686,25_25,0,2,ClassGen
home,35,gpb,5.127789061283333,4.417560830916666,50_50,0,2,ClassGen
home,36,gpb,5.06970044706,4.59743583562,50_50,0,2,ClassGen
home,37,gpb,6.489815946985714,6.484346943457145,50_50,0,2,ClassGen
home,38,gpb,6.975111577333333,6.588303650966668,50_50,0,2,ClassGen
home,39,gpb,6.76936985395,6.9440758855833336,50_50,0,2,ClassGen
home,40,gpb,7.463544181483333,8.148354990266666,50_50,0,2,ClassGen
home,41,gpb,7.894748070816668,7.959926260033334,50_50,0,2,ClassGen
home,42,gpb,9.83164069415,9.9911371764,50_50,0,2,ClassGen
home,43,gpb,8.46572894785,8.5059311609,50_50,0,2,ClassGen
home,44,gpb,9.913034313866666,10.049581302683334,50_50,0,2,ClassGen
home,45,gpb,10.0278771236,9.624314962683334,50_50,0,2,ClassGen
home,46,gpb,11.203235153466666,11.133418395616667,50_50,0,2,ClassGen
home,47,gpb,11.312086662466667,11.136192767399999,50_50,0,2,ClassGen
home,48,gpb,12.2787484402,12.478317131483331,50_50,0,2,ClassGen
import,25,gpb,4.12269554352,4.86119724862,50_50,0,2,ClassGen
import,26,gpb,5.122782343580001,4.8695107843,50_50,0,2,ClassGen
import,27,gpb,4.40944665768,4.99040344664,50_50,0,2,ClassGen
import,28,gpb,5.034750669599999,5.58233301372,50_50,0,2,ClassGen
import,29,gpb,4.58507628538,5.163124280820001,50_50,0,2,ClassGen
import,30,gpb,4.89941805728,6.187324234659999,50_50,0,2,ClassGen
import,31,gpb,6.563344838619999,7.598134957560001,50_50,0,2,ClassGen
import,32,gpb,6.4559647061600005,7.62602677176,50_50,0,2,ClassGen
import,33,gpb,6.82383997208,7.8599871843999995,50_50,0,2,ClassGen
import,34,gpb,6.72786727182,7.73308338734,50_50,0,2,ClassGen
import,35,gpb,7.367587402377778,8.226218067066666,50_50,0,2,ClassGen
import,36,gpb,7.876019929462499,9.0867314782625,50_50,0,2,ClassGen
import,37,gpb,8.2766299179625,9.051490243824999,50_50,0,2,ClassGen
import,38,gpb,8.2814434493125,9.412729995387501,50_50,0,2,ClassGen
import,39,gpb,9.1099259311,9.970877516350003,50_50,0,2,ClassGen
import,40,gpb,9.269377278,9.951900107166667,50_50,0,2,ClassGen
import,41,gpb,10.613762757366667,11.411242199283334,50_50,0,2,ClassGen
import,42,gpb,9.437453708200001,10.81769822945,50_50,0,2,ClassGen
import,43,gpb,9.51544974565,10.993457471883334,50_50,0,2,ClassGen
import,44,gpb,10.120734727183335,11.519472559383331,50_50,0,2,ClassGen
import,45,gpb,10.603334500183333,11.838704896283334,50_50,0,2,ClassGen
import,46,gpb,11.469291102883332,12.649011382049999,50_50,0,2,ClassGen
import,47,gpb,11.361031929600001,13.096779701016667,50_50,0,2,ClassGen
import,48,gpb,12.043986843883333,13.362254611149998,50_50,0,2,ClassGen
home,35,gpb,7.416278264600001,7.9013741051499995,100_100,0,2,ClassGen
home,36,gpb,6.1550962586,6.276675282587499,100_100,0,2,ClassGen
home,37,gpb,7.637553329675,7.6871335169,100_100,0,2,ClassGen
home,38,gpb,6.142759155799999,6.322274935766667,100_100,0,2,ClassGen
import,25,gpb,4.512586002280001,5.10743308026,100_100,0,2,ClassGen
import,26,gpb,4.43342635166,4.545865765299999,100_100,0,2,ClassGen
import,27,gpb,4.604119538779999,5.07752466274,100_100,0,2,ClassGen
import,28,gpb,4.8605079195,5.7478453705,100_100,0,2,ClassGen
import,29,gpb,5.0177324166999995,5.82774507492,100_100,0,2,ClassGen
import,30,gpb,4.91376898864,6.171330674919999,100_100,0,2,ClassGen
import,31,gpb,6.815228225439999,7.66834615784,100_100,0,2,ClassGen
import,32,gpb,6.5986820666599995,7.8882744990399996,100_100,0,2,ClassGen
import,33,gpb,7.43238674168,8.04187212474,100_100,0,2,ClassGen
import,34,gpb,7.46795813282,8.17293275152,100_100,0,2,ClassGen
import,35,gpb,7.293158987877778,8.479292458777778,100_100,0,2,ClassGen
import,36,gpb,7.577749022788889,8.510471144022222,100_100,0,2,ClassGen
import,37,gpb,7.880365197160001,8.944133630760001,100_100,0,2,ClassGen
import,38,gpb,7.931943767662501,8.9537886391125,100_100,0,2,ClassGen
import,39,gpb,8.578380148766666,9.942890727433333,100_100,0,2,ClassGen
import,40,gpb,9.684079594149999,10.7620935911,100_100,0,2,ClassGen
import,41,gpb,10.016327522833334,11.134125177916665,100_100,0,2,ClassGen
import,42,gpb,9.966090545683334,11.060483382583334,100_100,0,2,ClassGen
import,43,gpb,10.060310580466668,11.075570530833332,100_100,0,2,ClassGen
import,44,gpb,10.60653658665,12.125715733033333,100_100,0,2,ClassGen
import,45,gpb,10.36827542745,12.207523766500001,100_100,0,2,ClassGen
import,46,gpb,10.48529911625,11.461173284833334,100_100,0,2,ClassGen
import,47,gpb,11.770655890266665,13.249331364866665,100_100,0,2,ClassGen
import,48,gpb,11.758169438133335,12.943502868149999,100_100,0,2,ClassGen
home,35,gpb,7.8116468083,7.377974302066666,0_100,0,2,ClassGen
home,36,gpb,5.113110696414286,5.183850329171428,0_100,0,2,ClassGen
home,37,gpb,6.006421254724999,5.7108625282375,0_100,0,2,ClassGen
home,38,gpb,7.098646515933333,6.9008263841,0_100,0,2,ClassGen
home,39,gpb,7.675033776866667,7.5304671234,0_100,0,2,ClassGen
home,40,gpb,7.5665697692,6.678751836883333,0_100,0,2,ClassGen
home,41,gpb,7.992912724466666,7.993734869299999,0_100,0,2,ClassGen
home,42,gpb,8.682222468233332,8.306298403283334,0_100,0,2,ClassGen
home,43,gpb,9.9105990501,10.336493950000001,0_100,0,2,ClassGen
home,44,gpb,9.022898589316666,8.933067490783333,0_100,0,2,ClassGen
home,45,gpb,10.433967614050001,10.370905347783335,0_100,0,2,ClassGen
home,46,gpb,10.5894317302,11.10348949995,0_100,0,2,ClassGen
home,47,gpb,10.756204884933334,10.355644208149998,0_100,0,2,ClassGen
home,48,gpb,11.80644442255,11.912253561500002,0_100,0,2,ClassGen
import,25,gpb,4.941282667299999,5.299581290280001,0_100,0,2,ClassGen
import,26,gpb,4.18910594778,4.81159796634,0_100,0,2,ClassGen
import,27,gpb,4.10091789416,4.79405839408,0_100,0,2,ClassGen
import,28,gpb,5.06607074334,5.80376171276,0_100,0,2,ClassGen
import,29,gpb,5.94835894504,6.461811732799999,0_100,0,2,ClassGen
import,30,gpb,3.48885039158,4.505326062339999,0_100,0,2,ClassGen
import,31,gpb,5.9817072624600005,6.952718035479999,0_100,0,2,ClassGen
import,32,gpb,7.21885930122,7.55791076444,0_100,0,2,ClassGen
import,33,gpb,6.78536611948,7.298116694539999,0_100,0,2,ClassGen
import,34,gpb,6.72469293708,7.692159111339999,0_100,0,2,ClassGen
import,35,gpb,7.570324412855555,8.50943180678889,0_100,0,2,ClassGen
import,36,gpb,8.457317255063636,9.201815499918181,0_100,0,2,ClassGen
import,37,gpb,8.934054550700003,9.900349704911111,0_100,0,2,ClassGen
import,38,gpb,8.246738228255557,8.97192164918889,0_100,0,2,ClassGen
import,39,gpb,9.369240405783332,10.334018107133334,0_100,0,2,ClassGen
import,40,gpb,9.695284487083333,10.603434853249999,0_100,0,2,ClassGen
import,41,gpb,9.73261750615,10.724226903816666,0_100,0,2,ClassGen
import,42,gpb,10.348641657516664,10.832921622166666,0_100,0,2,ClassGen
import,43,gpb,11.024324431583333,12.257003288166667,0_100,0,2,ClassGen
import,44,gpb,10.66982642035,11.433559934066666,0_100,0,2,ClassGen
import,45,gpb,11.0921805516,12.21412556615,0_100,0,2,ClassGen
import,46,gpb,11.166977294016668,12.75173647015,0_100,0,2,ClassGen
import,47,gpb,11.830811504833335,12.955270978116666,0_100,0,2,ClassGen
import,48,gpb,12.408456146883333,13.735480702466665,0_100,0,2,ClassGen
home,25,gpb,5.229764659633333,3.6277078780333336,10_10,0,2,GenGen
home,26,gpb,3.8156989934375,3.6926961426125007,10_10,0,2,GenGen
home,27,gpb,4.303472003642858,3.417535985585715,10_10,0,2,GenGen
home,28,gpb,3.3474031985166675,3.3154301099500008,10_10,0,2,GenGen
home,29,gpb,4.000949361599999,3.0631913562833333,10_10,0,2,GenGen
home,30,gpb,4.631656862283333,3.2490185650499996,10_10,0,2,GenGen
home,31,gpb,5.236925104966667,4.717505016466666,10_10,0,2,GenGen
home,32,gpb,6.517472585633333,5.8068742960833335,10_10,0,2,GenGen
home,33,gpb,5.322966983350001,4.501752474583333,10_10,0,2,GenGen
home,34,gpb,6.4149971359333335,5.331951137316667,10_10,0,2,GenGen
home,35,gpb,6.689559863816666,6.082740785333333,10_10,0,2,GenGen
home,36,gpb,7.528921484733334,6.682775790483333,10_10,0,2,GenGen
home,37,gpb,7.302479885583334,6.512306026333333,10_10,0,2,GenGen
home,38,gpb,7.825321385016665,6.803455343133334,10_10,0,2,GenGen
home,39,gpb,7.250776642200001,6.359378152083334,10_10,0,2,GenGen
home,40,gpb,8.872308997083334,7.781287506983333,10_10,0,2,GenGen
home,41,gpb,7.653457404783334,7.0595497284,10_10,0,2,GenGen
home,42,gpb,8.633219947966666,7.722425056549999,10_10,0,2,GenGen
home,43,gpb,8.551041368583332,7.885500051333332,10_10,0,2,GenGen
home,44,gpb,9.1428441387,7.869157718916667,10_10,0,2,GenGen
home,45,gpb,9.6188731631,9.33699001135,10_10,0,2,GenGen
home,46,gpb,9.187287988866666,8.019683452499999,10_10,0,2,GenGen
home,47,gpb,10.055473755116667,8.997261010083333,10_10,0,2,GenGen
home,48,gpb,10.407251045266667,9.795321626433333,10_10,0,2,GenGen
import,25,gpb,4.339431802966668,5.1795940539,10_10,0,2,GenGen
import,26,gpb,4.1503359487500004,4.94987380955,10_10,0,2,GenGen
import,27,gpb,5.018776052133334,5.364034286083334,10_10,0,2,GenGen
import,28,gpb,4.90513510735,5.697004152200001,10_10,0,2,GenGen
import,29,gpb,4.184611222449999,4.991280956066667,10_10,0,2,GenGen
import,30,gpb,4.990641643083333,6.47755883505,10_10,0,2,GenGen
import,31,gpb,6.6870280396999995,7.261657933483335,10_10,0,2,GenGen
import,32,gpb,6.834651327383334,7.211185764816666,10_10,0,2,GenGen
import,33,gpb,7.1116828486833334,7.742303828133333,10_10,0,2,GenGen
import,34,gpb,7.325765337466667,8.227210947149999,10_10,0,2,GenGen
import,35,gpb,6.881426137916667,8.109312765983333,10_10,0,2,GenGen
import,36,gpb,7.952171072666668,8.638899381916666,10_10,0,2,GenGen
import,37,gpb,8.046547399833333,9.585714967249999,10_10,0,2,GenGen
import,38,gpb,8.682795078016667,9.654066114133334,10_10,0,2,GenGen
import,39,gpb,8.992736508150001,10.224959619949999,10_10,0,2,GenGen
import,40,gpb,8.092858953283333,9.441305401366668,10_10,0,2,GenGen
import,41,gpb,9.2554014985,10.563068199833333,10_10,0,2,GenGen
import,42,gpb,9.343637389466666,10.698938942283332,10_10,0,2,GenGen
import,43,gpb,10.108839923066666,11.434944840150001,10_10,0,2,GenGen
import,44,gpb,9.721428667716667,11.277474257216667,10_10,0,2,GenGen
import,45,gpb,10.078005792916667,11.676539858449999,10_10,0,2,GenGen
import,46,gpb,11.222440975283332,12.678166142083333,10_10,0,2,GenGen
import,47,gpb,10.61894688545,12.0873132898,10_10,0,2,GenGen
import,48,gpb,11.345613019566668,12.766018167666667,10_10,0,2,GenGen
home,25,gpb,5.229764659633333,3.6277078780333336,25_25,0,2,GenGen
home,26,gpb,3.8156989934375,3.6926961426125007,25_25,0,2,GenGen
home,27,gpb,4.303472003642858,3.417535985585715,25_25,0,2,GenGen
home,28,gpb,3.3474031985166675,3.3154301099500008,25_25,0,2,GenGen
home,29,gpb,4.000949361599999,3.0631913562833333,25_25,0,2,GenGen
home,30,gpb,4.450687484666667,2.8782650879833334,25_25,0,2,GenGen
home,31,gpb,6.207087395416667,5.506916014933332,25_25,0,2,GenGen
home,32,gpb,5.683764203633333,4.7154490995166665,25_25,0,2,GenGen
home,33,gpb,6.027039238933333,5.2572327369666665,25_25,0,2,GenGen
home,34,gpb,6.21650844585,5.528162136033333,25_25,0,2,GenGen
home,35,gpb,6.674622182283333,6.200506101366667,25_25,0,2,GenGen
home,36,gpb,7.672309695699998,6.677891824883333,25_25,0,2,GenGen
home,37,gpb,7.854083685916667,7.616443709816667,25_25,0,2,GenGen
home,38,gpb,7.97813304195,7.270846038366667,25_25,0,2,GenGen
home,39,gpb,7.985923444266668,7.448053055133332,25_25,0,2,GenGen
home,40,gpb,8.87099805945,8.118955521133334,25_25,0,2,GenGen
home,41,gpb,8.592232155166668,7.9848400569499995,25_25,0,2,GenGen
home,42,gpb,9.883995287233335,8.8572130593,25_25,0,2,GenGen
home,43,gpb,9.348477479900001,8.815593437516666,25_25,0,2,GenGen
home,44,gpb,10.123680067716668,8.953075488616667,25_25,0,2,GenGen
home,45,gpb,10.105222575583333,9.411876932016668,25_25,0,2,GenGen
home,46,gpb,10.821649285766668,10.167479306699999,25_25,0,2,GenGen
home,47,gpb,10.676590063833336,9.891991101766665,25_25,0,2,GenGen
home,48,gpb,10.921229567400003,10.545344347083331,25_25,0,2,GenGen
import,25,gpb,4.251892366099999,5.203208331683334,25_25,0,2,GenGen
import,26,gpb,4.84650254995,5.202811562550001,25_25,0,2,GenGen
import,27,gpb,4.080991235466667,4.799257084216667,25_25,0,2,GenGen
import,28,gpb,5.270110081816667,5.9327566818166675,25_25,0,2,GenGen
import,29,gpb,5.706996903916667,6.514384059366666,25_25,0,2,GenGen
import,30,gpb,4.298020533966667,5.3244074943,25_25,0,2,GenGen
import,31,gpb,7.5511829048,7.749811007783332,25_25,0,2,GenGen
import,32,gpb,6.69089657825,7.78285549185,25_25,0,2,GenGen
import,33,gpb,6.673298508883334,7.7206877651833326,25_25,0,2,GenGen
import,34,gpb,7.2991331986666665,8.0408810187,25_25,0,2,GenGen
import,35,gpb,7.464217326983333,8.67502273355,25_25,0,2,GenGen
import,36,gpb,8.217503132566668,8.935473486683334,25_25,0,2,GenGen
import,37,gpb,8.737204858383334,9.065606369466666,25_25,0,2,GenGen
import,38,gpb,7.94006981845,9.098698452716667,25_25,0,2,GenGen
import,39,gpb,9.445822965866666,10.466496441416668,25_25,0,2,GenGen
import,40,gpb,9.563695955916666,10.374820708616667,25_25,0,2,GenGen
import,41,gpb,8.878505161316667,10.435496026433334,25_25,0,2,GenGen
import,42,gpb,9.819058114883335,11.025293839366668,25_25,0,2,GenGen
import,43,gpb,10.287641412083333,11.240337086783335,25_25,0,2,GenGen
import,44,gpb,10.1012868318,11.608816866116667,25_25,0,2,GenGen
import,45,gpb,10.7388562924,11.862738860733335,25_25,0,2,GenGen
import,46,gpb,11.007948866249999,12.472278215866666,25_25,0,2,GenGen
import,47,gpb,11.607268208716667,12.639842584266667,25_25,0,2,GenGen
import,48,gpb,11.648204183866667,13.359605008700001,25_25,0,2,GenGen
home,25,gpb,5.229764659633333,3.6277078780333336,50_50,0,2,GenGen
home,26,gpb,3.8156989934375,3.6926961426125007,50_50,0,2,GenGen
home,27,gpb,4.303472003642858,3.417535985585715,50_50,0,2,GenGen
home,28,gpb,3.3474031985166675,3.3154301099500008,50_50,0,2,GenGen
home,29,gpb,4.000949361599999,3.0631913562833333,50_50,0,2,GenGen
home,30,gpb,4.450687484666667,2.8782650879833334,50_50,0,2,GenGen
home,31,gpb,6.2607947301166655,5.103093234866666,50_50,0,2,GenGen
home,32,gpb,5.74058955705,5.500598987333333,50_50,0,2,GenGen
home,33,gpb,6.229481140450001,6.113794040016667,50_50,0,2,GenGen
home,34,gpb,6.5421908694,5.781633794333334,50_50,0,2,GenGen
home,35,gpb,6.851692152849999,6.135842551233334,50_50,0,2,GenGen
home,36,gpb,6.915444529033334,6.627316430583332,50_50,0,2,GenGen
home,37,gpb,7.3428537798999995,6.843716244866666,50_50,0,2,GenGen
home,38,gpb,7.204703075250001,6.857711410316667,50_50,0,2,GenGen
home,39,gpb,9.286024075683335,8.543194098116667,50_50,0,2,GenGen
home,40,gpb,8.6606044355,8.112907606483335,50_50,0,2,GenGen
home,41,gpb,8.637606629566667,8.524239395083333,50_50,0,2,GenGen
home,42,gpb,9.7673969637,8.778055366316666,50_50,0,2,GenGen
home,43,gpb,9.881474765833334,10.161759823433334,50_50,0,2,GenGen
home,44,gpb,10.385626452116666,10.235780692666667,50_50,0,2,GenGen
home,45,gpb,10.489074258866667,10.436790492866667,50_50,0,2,GenGen
home,46,gpb,11.446489575483334,11.358089146883335,50_50,0,2,GenGen
home,47,gpb,11.516077774483335,11.786573814866665,50_50,0,2,GenGen
home,48,gpb,12.457487602916666,12.627140084133332,50_50,0,2,GenGen
import,25,gpb,4.711142269983334,5.535048866333334,50_50,0,2,GenGen
import,26,gpb,4.46233587925,4.934689683666666,50_50,0,2,GenGen
import,27,gpb,4.3308342279500005,5.0527154905,50_50,0,2,GenGen
import,28,gpb,5.233336263299999,5.8138664251,50_50,0,2,GenGen
import,29,gpb,4.429600295516667,4.95342168165,50_50,0,2,GenGen
import,30,gpb,4.272568360633334,5.6414714089,50_50,0,2,GenGen
import,31,gpb,6.601544787216665,7.3999881657166675,50_50,0,2,GenGen
import,32,gpb,6.555537900916666,7.887453419916667,50_50,0,2,GenGen
import,33,gpb,6.4509841300333335,7.553425715733333,50_50,0,2,GenGen
import,34,gpb,7.113084347116668,8.050042977466665,50_50,0,2,GenGen
import,35,gpb,7.374982986549999,8.494749031700001,50_50,0,2,GenGen
import,36,gpb,7.473339977116666,9.125393347100001,50_50,0,2,GenGen
import,37,gpb,9.702149106866665,10.223380955966666,50_50,0,2,GenGen
import,38,gpb,8.33904536465,9.415728479383334,50_50,0,2,GenGen
import,39,gpb,9.602616028049999,10.572694048616667,50_50,0,2,GenGen
import,40,gpb,9.1375530269,10.27882463795,50_50,0,2,GenGen
import,41,gpb,9.1859788747,10.246619684583331,50_50,0,2,GenGen
import,42,gpb,9.846018699166667,11.14870445145,50_50,0,2,GenGen
import,43,gpb,10.140165401099999,11.426131418566667,50_50,0,2,GenGen
import,44,gpb,11.7557958743,12.777539719566667,50_50,0,2,GenGen
import,45,gpb,11.540625474833334,12.155043817466664,50_50,0,2,GenGen
import,46,gpb,11.18655536685,12.059345577333332,50_50,0,2,GenGen
import,47,gpb,11.877842338316666,12.967538646433333,50_50,0,2,GenGen
import,48,gpb,11.677349214216667,13.264565099966665,50_50,0,2,GenGen
home,25,gpb,5.229764659633333,3.6277078780333336,100_100,0,2,GenGen
home,26,gpb,3.8156989934375,3.6926961426125007,100_100,0,2,GenGen
home,27,gpb,4.303472003642858,3.417535985585715,100_100,0,2,GenGen
home,28,gpb,3.3474031985166675,3.3154301099500008,100_100,0,2,GenGen
import,25,gpb,4.61011864215,5.2568149255500005,100_100,0,2,GenGen
import,26,gpb,4.4599104148,4.63150731445,100_100,0,2,GenGen
import,27,gpb,4.7669537268,5.510793715516666,100_100,0,2,GenGen
import,28,gpb,5.152417456683334,5.88681361075,100_100,0,2,GenGen
import,29,gpb,5.529501779283333,6.096077445383333,100_100,0,2,GenGen
import,30,gpb,4.1599473234,5.4134524977,100_100,0,2,GenGen
import,31,gpb,6.341805082049999,7.226166085466667,100_100,0,2,GenGen
import,32,gpb,6.852301321033333,7.747743227733333,100_100,0,2,GenGen
import,33,gpb,6.740684579099999,8.019388626549999,100_100,0,2,GenGen
import,34,gpb,7.495742468616666,7.966505128933334,100_100,0,2,GenGen
import,35,gpb,7.734755590616666,8.602262525933332,100_100,0,2,GenGen
import,36,gpb,8.7735807054,9.517115063133334,100_100,0,2,GenGen
import,37,gpb,8.347026009416666,9.626990914183333,100_100,0,2,GenGen
import,38,gpb,8.591966923500001,9.525591070399999,100_100,0,2,GenGen
import,39,gpb,8.279771411516666,9.554190148366667,100_100,0,2,GenGen
import,40,gpb,9.851670752516666,10.686732042633333,100_100,0,2,GenGen
import,41,gpb,9.868509093,10.839081525983334,100_100,0,2,GenGen
import,42,gpb,9.94750159525,11.031589312166666,100_100,0,2,GenGen
import,43,gpb,9.55734445875,10.880063480166667,100_100,0,2,GenGen
import,44,gpb,11.27822424635,12.358411884416666,100_100,0,2,GenGen
import,45,gpb,10.77006793965,12.2498095646,100_100,0,2,GenGen
import,46,gpb,11.102372319849998,12.457970734233333,100_100,0,2,GenGen
import,47,gpb,11.434285441916666,12.760466725266667,100_100,0,2,GenGen
import,48,gpb,12.314489456166667,13.450127529800001,100_100,0,2,GenGen
home,25,gpb,5.229764659633333,3.6277078780333336,0_100,0,2,GenGen
home,26,gpb,3.8156989934375,3.6926961426125007,0_100,0,2,GenGen
home,27,gpb,4.303472003642858,3.417535985585715,0_100,0,2,GenGen
home,28,gpb,3.3474031985166675,3.3154301099500008,0_100,0,2,GenGen
home,29,gpb,4.000949361599999,3.0631913562833333,0_100,0,2,GenGen
home,30,gpb,4.450687484666667,2.8782650879833334,0_100,0,2,GenGen
home,31,gpb,5.71557731155,4.949375045283333,0_100,0,2,GenGen
home,32,gpb,5.82452753545,5.484349043350001,0_100,0,2,GenGen
home,33,gpb,6.547150700466666,6.3226138333,0_100,0,2,GenGen
home,34,gpb,6.00276959145,5.4748588111,0_100,0,2,GenGen
home,35,gpb,7.1132249562,6.868767709116667,0_100,0,2,GenGen
home,36,gpb,8.023821490883332,8.187970814116667,0_100,0,2,GenGen
home,37,gpb,7.331503037249999,7.110726535433333,0_100,0,2,GenGen
home,38,gpb,8.143365629533333,8.200441727233333,0_100,0,2,GenGen
home,39,gpb,7.898391640316667,7.860797819199999,0_100,0,2,GenGen
home,40,gpb,9.258054893516666,9.258786309133333,0_100,0,2,GenGen
home,41,gpb,9.085908989683334,9.1954856118,0_100,0,2,GenGen
home,42,gpb,9.707855127533334,9.38905716145,0_100,0,2,GenGen
home,43,gpb,8.949399098866667,9.351848274833333,0_100,0,2,GenGen
home,44,gpb,9.669847819300001,10.09953193085,0_100,0,2,GenGen
home,45,gpb,9.7209665258,10.444602126433333,0_100,0,2,GenGen
home,46,gpb,11.044947096983334,11.5431121428,0_100,0,2,GenGen
home,47,gpb,11.525647139833334,11.534938337433333,0_100,0,2,GenGen
home,48,gpb,10.875145390550001,10.93630907565,0_100,0,2,GenGen
import,25,gpb,5.118768938600001,5.48124332144,0_100,0,2,GenGen
import,26,gpb,4.216767678833333,4.705106506883333,0_100,0,2,GenGen
import,27,gpb,4.221024656083333,5.30543168175,0_100,0,2,GenGen
import,28,gpb,4.567685372366666,5.501814487616667,0_100,0,2,GenGen
import,29,gpb,5.417808754916667,6.10933023835,0_100,0,2,GenGen
import,30,gpb,4.789640871216666,5.798030416383334,0_100,0,2,GenGen
import,31,gpb,6.051534774833333,6.801987856916665,0_100,0,2,GenGen
import,32,gpb,6.818908884416667,7.60459626485,0_100,0,2,GenGen
import,33,gpb,6.166006665283334,6.7844598328000005,0_100,0,2,GenGen
import,34,gpb,7.4632632716666665,8.615341671366666,0_100,0,2,GenGen
import,35,gpb,6.760272350416666,8.152771168083333,0_100,0,2,GenGen
import,36,gpb,8.499155017183332,8.705195385383332,0_100,0,2,GenGen
import,37,gpb,7.592283226416666,8.856970676516667,0_100,0,2,GenGen
import,38,gpb,8.293937624916666,9.456564243499999,0_100,0,2,GenGen
import,39,gpb,8.793352971300001,9.790224839983333,0_100,0,2,GenGen
import,40,gpb,9.174145407816667,10.535592808316666,0_100,0,2,GenGen
import,41,gpb,8.900432366016666,10.735994153033333,0_100,0,2,GenGen
import,42,gpb,9.4258866927,11.109006504233333,0_100,0,2,GenGen
import,43,gpb,9.734578434833333,11.433880564883333,0_100,0,2,GenGen
import,44,gpb,10.683910622883333,11.665256451233333,0_100,0,2,GenGen
import,45,gpb,10.689075821016665,12.112125796150002,0_100,0,2,GenGen
import,46,gpb,10.956194563516668,12.668468359583335,0_100,0,2,GenGen
import,47,gpb,11.4175947123,13.157770771683333,0_100,0,2,GenGen
import,48,gpb,11.742492282766667,12.879068933883332,0_100,0,2,GenGen
home,35,gpb,6.493958472057143,5.417436023985714,10_10,1,2,ClassGen
home,36,gpb,5.177926423266666,4.9891023457,10_10,1,2,ClassGen
home,37,gpb,5.99525828416,4.892381514359999,10_10,1,2,ClassGen
home,38,gpb,5.195328639366667,4.37971032585,10_10,1,2,ClassGen
home,39,gpb,6.536755739466667,5.471147399,10_10,1,2,ClassGen
home,40,gpb,6.306262612766666,5.345238146333333,10_10,1,2,ClassGen
home,41,gpb,8.837997389833333,8.368529033966666,10_10,1,2,ClassGen
home,42,gpb,8.746521643683334,8.496720626883333,10_10,1,2,ClassGen
home,43,gpb,9.263750191366666,8.966391984949999,10_10,1,2,ClassGen
home,44,gpb,9.481052027116666,9.095638835433332,10_10,1,2,ClassGen
home,45,gpb,10.068573362716666,9.73790689495,10_10,1,2,ClassGen
home,46,gpb,10.881760657000001,10.110057590066667,10_10,1,2,ClassGen
home,47,gpb,10.811078860016666,10.276601312866667,10_10,1,2,ClassGen
home,48,gpb,11.589166656400002,10.895200605600001,10_10,1,2,ClassGen
import,25,gpb,6.16779581776,6.4325970235200005,10_10,1,2,ClassGen
import,26,gpb,6.05263960608,5.9639948012,10_10,1,2,ClassGen
import,27,gpb,5.67603282168,5.8936924919800004,10_10,1,2,ClassGen
import,28,gpb,6.9432797496,7.552243080379999,10_10,1,2,ClassGen
import,29,gpb,6.61717857384,6.965732454119999,10_10,1,2,ClassGen
import,30,gpb,6.235186583399999,6.0013713717399995,10_10,1,2,ClassGen
import,31,gpb,8.05225212988,8.505501649260001,10_10,1,2,ClassGen
import,32,gpb,8.3085649903,8.89951312026,10_10,1,2,ClassGen
import,33,gpb,9.12650321474,9.276081524119999,10_10,1,2,ClassGen
import,34,gpb,9.547126309060001,10.147441947339999,10_10,1,2,ClassGen
import,35,gpb,8.76729861434,9.544562108580001,10_10,1,2,ClassGen
import,36,gpb,9.1369411846,9.71667228454,10_10,1,2,ClassGen
import,37,gpb,9.731025204600002,10.7737750012,10_10,1,2,ClassGen
import,38,gpb,10.326346880944445,10.779378064822223,10_10,1,2,ClassGen
import,39,gpb,11.079159068916667,11.664950689066666,10_10,1,2,ClassGen
import,40,gpb,11.40201962845,11.828586207366664,10_10,1,2,ClassGen
import,41,gpb,11.516804757000001,12.192444070083333,10_10,1,2,ClassGen
import,42,gpb,11.835346231733332,12.453190884066666,10_10,1,2,ClassGen
import,43,gpb,11.769157505083333,12.916227507966667,10_10,1,2,ClassGen
import,44,gpb,12.1669351568,12.849942437966666,10_10,1,2,ClassGen
import,45,gpb,12.067632766700001,13.309797485700003,10_10,1,2,ClassGen
import,46,gpb,12.600485007716665,13.68667419855,10_10,1,2,ClassGen
import,47,gpb,12.940022121116664,13.842778884966664,10_10,1,2,ClassGen
import,48,gpb,13.586909491950001,14.465484883666669,10_10,1,2,ClassGen
import,25,gpb,5.9737373083600005,6.57240028282,25_25,1,2,ClassGen
import,26,gpb,6.31182658854,6.48809995118,25_25,1,2,ClassGen
import,27,gpb,7.342376885359999,7.31201591552,25_25,1,2,ClassGen
import,28,gpb,7.10383916216,7.213058025500001,25_25,1,2,ClassGen
import,29,gpb,6.5782247511400005,7.176385879340001,25_25,1,2,ClassGen
import,30,gpb,4.7674428426799995,4.76835827404,25_25,1,2,ClassGen
import,31,gpb,7.696186404840001,8.748251163339999,25_25,1,2,ClassGen
import,32,gpb,7.92257835268,8.634734951599999,25_25,1,2,ClassGen
import,33,gpb,7.868569860999999,8.87562406438,25_25,1,2,ClassGen
import,34,gpb,9.18809240156,9.41859668434,25_25,1,2,ClassGen
import,35,gpb,9.87981594826,10.16947289754,25_25,1,2,ClassGen
import,36,gpb,8.768033525340002,9.753137916860002,25_25,1,2,ClassGen
import,37,gpb,9.08201527584,10.20270586754,25_25,1,2,ClassGen
import,38,gpb,10.674942162479999,11.288190689600002,25_25,1,2,ClassGen
home,35,gpb,5.47457854634,5.030042826100001,50_50,1,2,ClassGen
home,36,gpb,6.774005046885714,6.685918556457142,50_50,1,2,ClassGen
home,37,gpb,6.960408469266667,6.829089586266666,50_50,1,2,ClassGen
home,38,gpb,7.197264980900001,7.316333918433333,50_50,1,2,ClassGen
home,39,gpb,8.70564090935,8.313906923200001,50_50,1,2,ClassGen
home,40,gpb,9.047441297083333,8.992695847283334,50_50,1,2,ClassGen
home,41,gpb,10.076910738850001,10.005253267733332,50_50,1,2,ClassGen
home,42,gpb,10.623292818466664,10.404543876566667,50_50,1,2,ClassGen
home,43,gpb,10.063901525283333,10.480877679516668,50_50,1,2,ClassGen
home,44,gpb,11.720135748433334,11.461507115666665,50_50,1,2,ClassGen
home,45,gpb,11.848918393383334,12.190508321983332,50_50,1,2,ClassGen
home,46,gpb,11.935756139683335,11.768208675233334,50_50,1,2,ClassGen
home,47,gpb,13.176576719466667,13.31955046315,50_50,1,2,ClassGen
home,48,gpb,13.79479579295,13.665756818116668,50_50,1,2,ClassGen
import,25,gpb,5.41735190618,6.2455761264400005,50_50,1,2,ClassGen
import,26,gpb,6.0111879011,6.06362733534,50_50,1,2,ClassGen
import,27,gpb,6.160507927659999,6.60875095972,50_50,1,2,ClassGen
import,28,gpb,7.029968350979999,6.94234045732,50_50,1,2,ClassGen
import,29,gpb,6.770781479659999,7.374779011719999,50_50,1,2,ClassGen
import,30,gpb,6.03291741634,5.674222158560001,50_50,1,2,ClassGen
import,31,gpb,8.080192791600002,8.02356646444,50_50,1,2,ClassGen
import,32,gpb,8.03781105606,8.76740728006,50_50,1,2,ClassGen
import,33,gpb,8.712500793919999,8.958473220760002,50_50,1,2,ClassGen
import,34,gpb,8.609282500340003,9.21758808938,50_50,1,2,ClassGen
import,35,gpb,9.569768058922222,10.444296903566668,50_50,1,2,ClassGen
import,36,gpb,9.799917163,10.584505270822222,50_50,1,2,ClassGen
import,37,gpb,9.61896819118889,10.507282914344446,50_50,1,2,ClassGen
import,38,gpb,10.506321443770002,11.478532647,50_50,1,2,ClassGen
import,39,gpb,10.378698550916667,10.80378604335,50_50,1,2,ClassGen
import,40,gpb,10.236025081300001,11.076162242966667,50_50,1,2,ClassGen
import,41,gpb,11.404429467483332,12.213766451083336,50_50,1,2,ClassGen
import,42,gpb,11.29187144585,12.545139097899998,50_50,1,2,ClassGen
import,43,gpb,11.527574259349999,12.68863590405,50_50,1,2,ClassGen
import,44,gpb,12.855454043883334,13.885294097466664,50_50,1,2,ClassGen
import,45,gpb,12.354447289516665,13.268734622616668,50_50,1,2,ClassGen
import,46,gpb,12.602584114716665,13.75392063985,50_50,1,2,ClassGen
import,47,gpb,13.442015711400003,14.327750080516667,50_50,1,2,ClassGen
import,48,gpb,13.212362822400001,14.674445538083333,50_50,1,2,ClassGen
home,35,gpb,8.155383606133334,7.668173066666667,100_100,1,2,ClassGen
home,36,gpb,7.058099126085714,7.003118112314286,100_100,1,2,ClassGen
home,37,gpb,7.37113125285,7.0997644960374995,100_100,1,2,ClassGen
home,38,gpb,8.317448199749998,7.6773482664333335,100_100,1,2,ClassGen
import,25,gpb,5.39011884446,6.3035679569,100_100,1,2,ClassGen
import,26,gpb,6.32846268676,6.34162250522,100_100,1,2,ClassGen
import,27,gpb,6.59149355072,6.62386473098,100_100,1,2,ClassGen
import,28,gpb,6.98629592018,7.232161420100001,100_100,1,2,ClassGen
import,29,gpb,6.75518702276,7.24602554104,100_100,1,2,ClassGen
import,30,gpb,5.4174319551000005,5.59221589496,100_100,1,2,ClassGen
import,31,gpb,8.261000383319999,8.97161189464,100_100,1,2,ClassGen
import,32,gpb,8.31711739732,9.207860270560001,100_100,1,2,ClassGen
import,33,gpb,8.01807979738,7.94371945764,100_100,1,2,ClassGen
import,34,gpb,8.57233155922,9.334043962039999,100_100,1,2,ClassGen
import,35,gpb,8.8442502536125,9.6663713400625,100_100,1,2,ClassGen
import,36,gpb,9.727949240029998,10.61833826657,100_100,1,2,ClassGen
import,37,gpb,9.743286933533334,10.561651461633332,100_100,1,2,ClassGen
import,38,gpb,10.272680524644445,11.059404974155557,100_100,1,2,ClassGen
import,39,gpb,10.721265825583336,11.653513037816666,100_100,1,2,ClassGen
import,40,gpb,10.989777911883335,11.513319820866668,100_100,1,2,ClassGen
import,41,gpb,11.454085750849998,12.249405723166667,100_100,1,2,ClassGen
import,42,gpb,10.6420837145,11.81050555015,100_100,1,2,ClassGen
import,43,gpb,11.411083599466666,12.40728190305,100_100,1,2,ClassGen
import,44,gpb,12.606271828333334,13.371624014116668,100_100,1,2,ClassGen
import,45,gpb,12.42440187425,13.455709965283333,100_100,1,2,ClassGen
import,46,gpb,13.345854012983333,14.109215016,100_100,1,2,ClassGen
import,47,gpb,13.057705566083333,14.090139944083333,100_100,1,2,ClassGen
import,48,gpb,13.096864234616667,14.220860341916667,100_100,1,2,ClassGen
home,35,gpb,7.167470640566667,6.604522023166666,0_100,1,2,ClassGen
home,36,gpb,6.795585121616667,6.199547652033334,0_100,1,2,ClassGen
home,37,gpb,7.473811809849999,7.8884810993166665,0_100,1,2,ClassGen
home,38,gpb,7.9934022585666655,7.7141349088833335,0_100,1,2,ClassGen
home,39,gpb,8.18177044185,8.238019865866667,0_100,1,2,ClassGen
home,40,gpb,9.376556143966665,9.2604583217,0_100,1,2,ClassGen
home,41,gpb,9.2484293934,9.298843908883333,0_100,1,2,ClassGen
home,42,gpb,10.61599074375,10.385236574850001,0_100,1,2,ClassGen
home,43,gpb,11.528275043566666,11.200959101233332,0_100,1,2,ClassGen
home,44,gpb,10.759361383299998,10.950950126049998,0_100,1,2,ClassGen
home,45,gpb,11.801956374250002,11.572186785233335,0_100,1,2,ClassGen
home,46,gpb,11.734706314733335,11.807589942883332,0_100,1,2,ClassGen
home,47,gpb,11.865779423083334,11.952489701933333,0_100,1,2,ClassGen
home,48,gpb,12.478753951166667,12.719858394516669,0_100,1,2,ClassGen
import,25,gpb,4.8639672763,5.437120113880001,0_100,1,2,ClassGen
import,26,gpb,6.587649669219999,6.8657276552,0_100,1,2,ClassGen
import,27,gpb,6.11230410274,6.765971302919999,0_100,1,2,ClassGen
import,28,gpb,5.9456138498,6.774064150780001,0_100,1,2,ClassGen
import,29,gpb,6.9234564486,7.36869166828,0_100,1,2,ClassGen
import,30,gpb,4.669322977819999,4.69105600044,0_100,1,2,ClassGen
import,31,gpb,8.208896011159998,8.84291256778,0_100,1,2,ClassGen
import,32,gpb,7.34292107742,8.140743032059998,0_100,1,2,ClassGen
import,33,gpb,8.7506594092,9.193965907599999,0_100,1,2,ClassGen
import,34,gpb,8.85153961068,9.31979668152,0_100,1,2,ClassGen
import,35,gpb,8.968777981466667,9.801140812500002,0_100,1,2,ClassGen
import,36,gpb,9.053020673771428,9.467824237885713,0_100,1,2,ClassGen
import,37,gpb,10.18249171688889,10.826378412033336,0_100,1,2,ClassGen
import,38,gpb,9.607424599137502,10.4864813144125,0_100,1,2,ClassGen
import,39,gpb,11.14864885545,11.904860302716665,0_100,1,2,ClassGen
import,40,gpb,10.783023593533335,11.821774818716667,0_100,1,2,ClassGen
import,41,gpb,11.387768203216666,12.191292971283334,0_100,1,2,ClassGen
import,42,gpb,11.653871151499999,12.555555524616665,0_100,1,2,ClassGen
import,43,gpb,11.716852605616666,12.693113778650002,0_100,1,2,ClassGen
import,44,gpb,12.384506231116669,13.181237094233333,0_100,1,2,ClassGen
import,45,gpb,12.383852234066666,13.717068329583334,0_100,1,2,ClassGen
import,46,gpb,12.49306940195,13.335318698716664,0_100,1,2,ClassGen
import,47,gpb,14.078059799779998,15.18357006252,0_100,1,2,ClassGen
import,48,gpb,13.237438862066666,14.294075883883332,0_100,1,2,ClassGen
home,25,gpb,4.699839633933333,3.539346252233333,10_10,1,2,GenGen
home,26,gpb,3.7762250679000005,3.2117823029,10_10,1,2,GenGen
home,27,gpb,4.2069793032,2.7949716249375,10_10,1,2,GenGen
home,28,gpb,4.56309237495,3.7768839621,10_10,1,2,GenGen
home,29,gpb,4.214634392283334,3.7549244401500004,10_10,1,2,GenGen
home,30,gpb,4.0265214946666665,3.0431409660499997,10_10,1,2,GenGen
home,31,gpb,6.376354224400001,5.620722083966666,10_10,1,2,GenGen
home,32,gpb,6.196954599766666,5.002072796666667,10_10,1,2,GenGen
home,33,gpb,7.599805883216668,6.382680926750001,10_10,1,2,GenGen
home,34,gpb,7.399586454383332,6.683786616133333,10_10,1,2,GenGen
home,35,gpb,7.823456000683334,6.696321798183334,10_10,1,2,GenGen
home,36,gpb,7.080985559383333,5.8624557105,10_10,1,2,GenGen
home,37,gpb,8.578711552666666,7.408904172583333,10_10,1,2,GenGen
home,38,gpb,8.42194725275,7.529254465649999,10_10,1,2,GenGen
home,39,gpb,8.678453488016666,7.968283325066666,10_10,1,2,GenGen
home,40,gpb,9.04804827855,8.016185649983333,10_10,1,2,GenGen
home,41,gpb,9.267954019683334,8.292066736833334,10_10,1,2,GenGen
home,42,gpb,9.48377073525,8.555466895716666,10_10,1,2,GenGen
home,43,gpb,10.160216174633332,9.279156534533334,10_10,1,2,GenGen
home,44,gpb,10.5781532128,9.805019139566669,10_10,1,2,GenGen
home,45,gpb,10.8691964897,10.156046723516667,10_10,1,2,GenGen
home,46,gpb,11.160688492183334,10.127336078133332,10_10,1,2,GenGen
home,47,gpb,11.326583305483334,10.689321468000001,10_10,1,2,GenGen
home,48,gpb,12.020463061949998,11.835870122316665,10_10,1,2,GenGen
import,25,gpb,4.741530218283334,5.5148279913,10_10,1,2,GenGen
import,26,gpb,6.2456798541,6.405399674433333,10_10,1,2,GenGen
import,27,gpb,6.538742649833334,6.817557885433332,10_10,1,2,GenGen
import,28,gpb,6.488030298299999,6.725367476583332,10_10,1,2,GenGen
import,29,gpb,6.4659224932,6.805716849066667,10_10,1,2,GenGen
import,30,gpb,6.301907376333333,6.437606869666666,10_10,1,2,GenGen
import,31,gpb,7.784882298683335,8.747297485233332,10_10,1,2,GenGen
import,32,gpb,8.401248437216667,8.927492958483334,10_10,1,2,GenGen
import,33,gpb,8.240360013316666,8.868873497916669,10_10,1,2,GenGen
import,34,gpb,9.508259531633334,10.431138606250002,10_10,1,2,GenGen
import,35,gpb,8.892668064966667,9.356907288783333,10_10,1,2,GenGen
import,36,gpb,9.504455009533332,10.480147836966665,10_10,1,2,GenGen
import,37,gpb,10.361341911716666,11.289818159,10_10,1,2,GenGen
import,38,gpb,10.064563314833334,10.935376357916667,10_10,1,2,GenGen
import,39,gpb,10.773674441099999,11.885315862499999,10_10,1,2,GenGen
import,40,gpb,11.085375876716666,11.68862730875,10_10,1,2,GenGen
import,41,gpb,11.517990626333335,12.58057430475,10_10,1,2,GenGen
import,42,gpb,11.8693887816,12.664778573116665,10_10,1,2,GenGen
import,43,gpb,12.184809356750002,12.691849695666667,10_10,1,2,GenGen
import,44,gpb,12.672373369333334,13.608473903400002,10_10,1,2,GenGen
import,45,gpb,12.070361763099998,12.997749529766667,10_10,1,2,GenGen
import,46,gpb,13.699212109816669,14.572374934733332,10_10,1,2,GenGen
import,47,gpb,13.958166975216665,14.97425152185,10_10,1,2,GenGen
import,48,gpb,13.9051354059,14.743834034033332,10_10,1,2,GenGen
home,25,gpb,4.699839633933333,3.539346252233333,25_25,1,2,GenGen
home,26,gpb,3.7762250679000005,3.2117823029,25_25,1,2,GenGen
home,27,gpb,4.2069793032,2.7949716249375,25_25,1,2,GenGen
home,28,gpb,4.56309237495,3.7768839621,25_25,1,2,GenGen
home,29,gpb,4.214634392283334,3.7549244401500004,25_25,1,2,GenGen
home,30,gpb,4.0265214946666665,3.0431409660499997,25_25,1,2,GenGen
home,31,gpb,5.808429191066666,5.2790635801,25_25,1,2,GenGen
home,32,gpb,5.750448842233332,5.2770502746000005,25_25,1,2,GenGen
home,33,gpb,6.606223883399999,5.677837008283333,25_25,1,2,GenGen
home,34,gpb,7.568032917233334,7.538819096,25_25,1,2,GenGen
home,35,gpb,8.23876966745,7.548954249033333,25_25,1,2,GenGen
home,36,gpb,7.089309978016668,6.079336658233333,25_25,1,2,GenGen
home,37,gpb,8.009708688683334,7.037848444933334,25_25,1,2,GenGen
home,38,gpb,8.525130278983335,8.28586530505,25_25,1,2,GenGen
home,39,gpb,9.2247492496,9.271721231266667,25_25,1,2,GenGen
home,40,gpb,8.875769648,8.029100036266668,25_25,1,2,GenGen
home,41,gpb,10.019670652783333,10.144910903983332,25_25,1,2,GenGen
home,42,gpb,10.047388077066666,9.638211444583334,25_25,1,2,GenGen
home,43,gpb,10.035449421333333,9.804432410033332,25_25,1,2,GenGen
home,44,gpb,11.341311989033331,11.256346758216667,25_25,1,2,GenGen
home,45,gpb,11.610642608683333,10.709204689549999,25_25,1,2,GenGen
home,46,gpb,12.061165162016666,10.963855553850001,25_25,1,2,GenGen
home,47,gpb,11.958484565133332,11.782540622316667,25_25,1,2,GenGen
home,48,gpb,13.032549027850001,12.341739557616668,25_25,1,2,GenGen
import,25,gpb,5.149652802766667,6.0309208575,25_25,1,2,GenGen
import,26,gpb,6.2860162685833325,6.316486183466666,25_25,1,2,GenGen
import,27,gpb,5.793524489599999,6.14274062745,25_25,1,2,GenGen
import,28,gpb,6.3162848478499996,6.752100691633333,25_25,1,2,GenGen
import,29,gpb,6.865940255133334,7.074525974549999,25_25,1,2,GenGen
import,30,gpb,5.1482659428833335,5.3288255099,25_25,1,2,GenGen
import,31,gpb,8.077560796983333,8.983210352183333,25_25,1,2,GenGen
import,32,gpb,8.335489406316666,9.044442032166666,25_25,1,2,GenGen
import,33,gpb,8.17504721575,8.74623650445,25_25,1,2,GenGen
import,34,gpb,8.157401593533333,9.116345735000001,25_25,1,2,GenGen
import,35,gpb,9.2272795902,9.889335185733334,25_25,1,2,GenGen
import,36,gpb,9.4515053241,10.3095916627,25_25,1,2,GenGen
import,37,gpb,9.217829196599999,10.392227746949999,25_25,1,2,GenGen
import,38,gpb,10.3261918342,10.950762763916666,25_25,1,2,GenGen
import,39,gpb,10.944243057866666,11.388641279633333,25_25,1,2,GenGen
import,40,gpb,11.828165948283333,12.130852613383333,25_25,1,2,GenGen
import,41,gpb,11.092454800016666,11.99547329455,25_25,1,2,GenGen
import,42,gpb,11.288576526383332,12.444014988250002,25_25,1,2,GenGen
import,43,gpb,11.9744311799,12.830459489716667,25_25,1,2,GenGen
import,44,gpb,12.395083777049999,13.28407316875,25_25,1,2,GenGen
import,45,gpb,12.225800538099998,13.32593916865,25_25,1,2,GenGen
import,46,gpb,14.075593501666667,14.936147198050001,25_25,1,2,GenGen
import,47,gpb,13.493114760500001,14.864828530216668,25_25,1,2,GenGen
import,48,gpb,14.086994797416667,14.88887212455,25_25,1,2,GenGen
home,25,gpb,4.699839633933333,3.539346252233333,50_50,1,2,GenGen
home,26,gpb,3.7762250679000005,3.2117823029,50_50,1,2,GenGen
home,27,gpb,4.2069793032,2.7949716249375,50_50,1,2,GenGen
home,28,gpb,4.56309237495,3.7768839621,50_50,1,2,GenGen
home,29,gpb,4.214634392283334,3.7549244401500004,50_50,1,2,GenGen
home,30,gpb,4.0265214946666665,3.0431409660499997,50_50,1,2,GenGen
home,31,gpb,8.05550776205,7.299556943883334,50_50,1,2,GenGen
home,32,gpb,7.4560219530500005,7.409165388400001,50_50,1,2,GenGen
home,33,gpb,7.781134037716666,7.4519232547,50_50,1,2,GenGen
home,34,gpb,8.043530171383333,7.655320126266666,50_50,1,2,GenGen
home,35,gpb,9.446528891033333,8.967787857483332,50_50,1,2,GenGen
home,36,gpb,8.068023508033333,7.976291190733334,50_50,1,2,GenGen
home,37,gpb,9.479600299666666,8.845007162099998,50_50,1,2,GenGen
home,38,gpb,9.815148736183334,9.464781817283333,50_50,1,2,GenGen
home,39,gpb,10.15598685775,9.911325128883334,50_50,1,2,GenGen
home,40,gpb,10.044350554416665,9.17848776205,50_50,1,2,GenGen
home,41,gpb,10.996779669433332,10.791288825133334,50_50,1,2,GenGen
home,42,gpb,11.030003638333334,10.571173675216665,50_50,1,2,GenGen
home,43,gpb,11.185932617466667,10.833051255866666,50_50,1,2,GenGen
home,44,gpb,12.1105094205,11.692412251883333,50_50,1,2,GenGen
home,45,gpb,12.01013803905,11.566705938583333,50_50,1,2,GenGen
home,46,gpb,12.587652962016668,12.913675903616666,50_50,1,2,GenGen
home,47,gpb,12.319732867133334,12.157807162749998,50_50,1,2,GenGen
home,48,gpb,12.749884449466668,12.6718313829,50_50,1,2,GenGen
import,25,gpb,5.6092321539,5.97365765,50_50,1,2,GenGen
import,26,gpb,6.238737344666666,6.516696037783333,50_50,1,2,GenGen
import,27,gpb,6.361981238599999,6.779938869133332,50_50,1,2,GenGen
import,28,gpb,6.737035684033333,7.365600922666665,50_50,1,2,GenGen
import,29,gpb,6.535566838883334,7.0456644042833325,50_50,1,2,GenGen
import,30,gpb,5.883263258266667,5.814179047866667,50_50,1,2,GenGen
import,31,gpb,8.371698013733333,8.649766477066668,50_50,1,2,GenGen
import,32,gpb,8.124959900266667,8.834680710933332,50_50,1,2,GenGen
import,33,gpb,8.875924837366668,9.242493414933334,50_50,1,2,GenGen
import,34,gpb,8.802898718316667,9.274673287216666,50_50,1,2,GenGen
import,35,gpb,9.587970828716667,10.149884754999999,50_50,1,2,GenGen
import,36,gpb,10.521552241233335,11.185442928666667,50_50,1,2,GenGen
import,37,gpb,10.271881544216667,10.816117210499998,50_50,1,2,GenGen
import,38,gpb,10.483556049416668,10.864484267199998,50_50,1,2,GenGen
import,39,gpb,10.831602514083334,11.489541267666667,50_50,1,2,GenGen
import,40,gpb,11.331049742750002,11.827161311433334,50_50,1,2,GenGen
import,41,gpb,11.685668379250002,12.250168615600002,50_50,1,2,GenGen
import,42,gpb,11.958050679233333,13.041030234016665,50_50,1,2,GenGen
import,43,gpb,11.053644960116666,12.3322937476,50_50,1,2,GenGen
import,44,gpb,12.3942106318,13.6266590769,50_50,1,2,GenGen
import,45,gpb,12.435691173183335,13.5500054951,50_50,1,2,GenGen
import,46,gpb,13.274264852866667,14.500265115516667,50_50,1,2,GenGen
import,47,gpb,13.540347439099998,14.529740687466665,50_50,1,2,GenGen
import,48,gpb,14.068926044700001,14.755685688533335,50_50,1,2,GenGen
home,25,gpb,4.699839633933333,3.539346252233333,100_100,1,2,GenGen
home,26,gpb,3.7762250679000005,3.2117823029,100_100,1,2,GenGen
home,27,gpb,4.2069793032,2.7949716249375,100_100,1,2,GenGen
home,28,gpb,4.56309237495,3.7768839621,100_100,1,2,GenGen
import,25,gpb,5.799993218266667,6.3464910720833325,100_100,1,2,GenGen
import,26,gpb,5.988205105133333,6.162968857916667,100_100,1,2,GenGen
import,27,gpb,6.501256554333334,6.521116831433333,100_100,1,2,GenGen
import,28,gpb,7.135587657866666,7.479131851049999,100_100,1,2,GenGen
import,29,gpb,6.6085287712,6.996458127583334,100_100,1,2,GenGen
import,30,gpb,5.505015012366667,5.233752618816666,100_100,1,2,GenGen
import,31,gpb,7.819477651450001,8.407810975366667,100_100,1,2,GenGen
import,32,gpb,8.17267185505,8.836054353900002,100_100,1,2,GenGen
import,33,gpb,8.6176433122,9.583541037649999,100_100,1,2,GenGen
import,34,gpb,8.351391666133335,9.04058429455,100_100,1,2,GenGen
import,35,gpb,8.030598340883333,8.983662131583333,100_100,1,2,GenGen
import,36,gpb,10.25886150355,10.621095757900001,100_100,1,2,GenGen
import,37,gpb,9.629093371033333,10.746981665683334,100_100,1,2,GenGen
import,38,gpb,9.445242783733333,10.4896781504,100_100,1,2,GenGen
import,39,gpb,10.254766873916667,11.225859761733334,100_100,1,2,GenGen
import,40,gpb,11.360260069399999,11.754534051866665,100_100,1,2,GenGen
import,41,gpb,10.376161118883333,11.598324110966667,100_100,1,2,GenGen
import,42,gpb,11.689587320366664,12.622986058533334,100_100,1,2,GenGen
import,43,gpb,11.964151281816669,12.912632167483332,100_100,1,2,GenGen
import,44,gpb,11.988666721816665,13.061980108750001,100_100,1,2,GenGen
import,45,gpb,12.764057758383332,13.829567283683332,100_100,1,2,GenGen
import,46,gpb,13.489452222983331,14.861394493933332,100_100,1,2,GenGen
import,47,gpb,13.670510362583334,14.540355956483332,100_100,1,2,GenGen
import,48,gpb,12.823880593316668,14.2250911708,100_100,1,2,GenGen
home,25,gpb,4.699839633933333,3.539346252233333,0_100,1,2,GenGen
home,26,gpb,3.7762250679000005,3.2117823029,0_100,1,2,GenGen
home,27,gpb,4.2069793032,2.7949716249375,0_100,1,2,GenGen
home,28,gpb,4.56309237495,3.7768839621,0_100,1,2,GenGen
home,29,gpb,4.214634392283334,3.7549244401500004,0_100,1,2,GenGen
home,30,gpb,4.2431565465666665,3.675751973816667,0_100,1,2,GenGen
home,31,gpb,7.529397199166667,6.974560432883333,0_100,1,2,GenGen
home,32,gpb,7.0281971153333345,6.295495593416667,0_100,1,2,GenGen
home,33,gpb,7.737031860633333,7.09459668925,0_100,1,2,GenGen
home,34,gpb,7.5656669077,7.121857249649999,0_100,1,2,GenGen
home,35,gpb,7.993493875866666,7.887166045133333,0_100,1,2,GenGen
home,36,gpb,8.946678958583332,8.434652825283331,0_100,1,2,GenGen
home,37,gpb,9.154693262666667,8.231111812816666,0_100,1,2,GenGen
home,38,gpb,9.3167649115,8.959085355900001,0_100,1,2,GenGen
home,39,gpb,9.096107115966666,9.224577331516667,0_100,1,2,GenGen
home,40,gpb,9.744157994633333,9.574912627433333,0_100,1,2,GenGen
home,41,gpb,9.746580770933333,9.6886902281,0_100,1,2,GenGen
home,42,gpb,10.194031270116668,10.365747734766666,0_100,1,2,GenGen
home,43,gpb,10.894204248900001,10.842743812849998,0_100,1,2,GenGen
home,44,gpb,11.335888220533333,11.368871658366666,0_100,1,2,GenGen
home,45,gpb,12.907954857566667,12.406225948966666,0_100,1,2,GenGen
home,46,gpb,12.27239151085,12.233485389933335,0_100,1,2,GenGen
home,47,gpb,12.412460245683334,12.239485315183332,0_100,1,2,GenGen
home,48,gpb,13.1683530699,12.9176063853,0_100,1,2,GenGen
import,25,gpb,4.925934538483333,5.7413001730166675,0_100,1,2,GenGen
import,26,gpb,6.292133135883333,6.4459251350499995,0_100,1,2,GenGen
import,27,gpb,6.1314237624,6.191469858999999,0_100,1,2,GenGen
import,28,gpb,6.531137833666667,7.184462355933333,0_100,1,2,GenGen
import,29,gpb,6.42880390215,6.8872511598666675,0_100,1,2,GenGen
import,30,gpb,5.183479330133333,5.010063616333334,0_100,1,2,GenGen
import,31,gpb,7.95287639225,8.257722365033333,0_100,1,2,GenGen
import,32,gpb,8.13944557395,8.3706979504,0_100,1,2,GenGen
import,33,gpb,8.713286382116666,9.016726097216667,0_100,1,2,GenGen
import,34,gpb,8.801843000649999,9.498317373133334,0_100,1,2,GenGen
import,35,gpb,8.940284368083335,9.63471896105,0_100,1,2,GenGen
import,36,gpb,9.273844958583334,10.210012739183334,0_100,1,2,GenGen
import,37,gpb,9.711736643833333,10.6862408984,0_100,1,2,GenGen
import,38,gpb,10.591029444983334,11.31544679775,0_100,1,2,GenGen
import,39,gpb,10.299300253433332,11.425491480383334,0_100,1,2,GenGen
import,40,gpb,11.342124865066667,12.54135386955,0_100,1,2,GenGen
import,41,gpb,10.7394015377,12.288312314766666,0_100,1,2,GenGen
import,42,gpb,11.082436005583332,12.432998920783334,0_100,1,2,GenGen
import,43,gpb,12.539641397166664,12.941891294566668,0_100,1,2,GenGen
import,44,gpb,12.109919613750002,13.084472540566665,0_100,1,2,GenGen
import,45,gpb,13.353933404683334,14.404886566233335,0_100,1,2,GenGen
import,46,gpb,13.261019643766666,14.222194027783333,0_100,1,2,GenGen
import,47,gpb,12.474052907283335,13.919532573750002,0_100,1,2,GenGen
import,48,gpb,13.241524434166665,14.512437038216667,0_100,1,2,GenGen
home,35,gpb,5.3458064105,4.40820415234,10_10,2,2,ClassGen
home,36,gpb,5.427409818479999,4.72337357552,10_10,2,2,ClassGen
home,37,gpb,6.265300387675,5.2836200253125,10_10,2,2,ClassGen
home,38,gpb,5.723332298616666,4.952937173716667,10_10,2,2,ClassGen
home,39,gpb,6.430477310450001,5.455260567216666,10_10,2,2,ClassGen
home,40,gpb,6.5705654634999995,5.764013804483334,10_10,2,2,ClassGen
home,41,gpb,7.425211646283333,6.386911982833333,10_10,2,2,ClassGen
home,42,gpb,9.2054397085,7.9151034005000005,10_10,2,2,ClassGen
home,43,gpb,9.391595025300001,8.617134779999999,10_10,2,2,ClassGen
home,44,gpb,9.698005232183332,9.100973642516665,10_10,2,2,ClassGen
home,45,gpb,10.048585214783333,9.793912866416667,10_10,2,2,ClassGen
home,46,gpb,10.429822167600001,9.26049954445,10_10,2,2,ClassGen
home,47,gpb,11.054224214633335,10.072362624283334,10_10,2,2,ClassGen
home,48,gpb,11.386510495783336,10.34197581795,10_10,2,2,ClassGen
import,25,gpb,6.164099414259999,6.46206054822,10_10,2,2,ClassGen
import,26,gpb,4.454989587,4.6696130060400005,10_10,2,2,ClassGen
import,27,gpb,4.915961884960001,5.25419219138,10_10,2,2,ClassGen
import,28,gpb,5.789018049480001,5.9602636668,10_10,2,2,ClassGen
import,29,gpb,5.2123063119,5.0394633801,10_10,2,2,ClassGen
import,30,gpb,6.6200791698,6.36783453874,10_10,2,2,ClassGen
import,31,gpb,7.984802005339999,8.163758622260001,10_10,2,2,ClassGen
import,32,gpb,7.281935185180001,7.22035654246,10_10,2,2,ClassGen
import,33,gpb,7.75456524234,8.63012721042,10_10,2,2,ClassGen
import,34,gpb,8.049129080759998,9.036500588260001,10_10,2,2,ClassGen
import,35,gpb,8.2902591017,8.945655183485714,10_10,2,2,ClassGen
import,36,gpb,8.80597568427,9.56237383716,10_10,2,2,ClassGen
import,37,gpb,9.54507885158889,9.967221558644445,10_10,2,2,ClassGen
import,38,gpb,10.031871268633333,10.624271982366666,10_10,2,2,ClassGen
import,39,gpb,10.912547998816668,11.475784778416667,10_10,2,2,ClassGen
import,40,gpb,10.067907852433333,10.958730991783334,10_10,2,2,ClassGen
import,41,gpb,10.6965839942,11.463253826516668,10_10,2,2,ClassGen
import,42,gpb,11.3962439581,11.89362577365,10_10,2,2,ClassGen
import,43,gpb,11.213321777983333,12.336777375250001,10_10,2,2,ClassGen
import,44,gpb,11.898638768266666,12.067972828566667,10_10,2,2,ClassGen
import,45,gpb,12.151618651633335,12.9489995493,10_10,2,2,ClassGen
import,46,gpb,12.330344672783331,13.318168261083335,10_10,2,2,ClassGen
import,47,gpb,12.598082169533333,13.593137187466667,10_10,2,2,ClassGen
import,48,gpb,12.7771569828,13.893831053166666,10_10,2,2,ClassGen
home,35,gpb,6.46750877665,5.7385847739499996,25_25,2,2,ClassGen
home,36,gpb,5.465847544483334,5.029575668400001,25_25,2,2,ClassGen
home,37,gpb,7.552181300916668,7.031223460299999,25_25,2,2,ClassGen
home,38,gpb,7.556628534933335,6.79548614235,25_25,2,2,ClassGen
home,39,gpb,6.024462400733334,5.312714998516666,25_25,2,2,ClassGen
home,40,gpb,6.633581172666666,5.9378245062333335,25_25,2,2,ClassGen
home,41,gpb,10.228757465166666,9.254504734183334,25_25,2,2,ClassGen
home,42,gpb,9.964441978633333,8.821835271816667,25_25,2,2,ClassGen
home,43,gpb,10.226563958816667,9.704752117233333,25_25,2,2,ClassGen
home,44,gpb,11.764701494,11.1244257939,25_25,2,2,ClassGen
home,45,gpb,11.401019151166665,11.191967031216665,25_25,2,2,ClassGen
home,46,gpb,11.834572584966667,11.054131489516669,25_25,2,2,ClassGen
home,47,gpb,12.207614415366665,11.629451220866665,25_25,2,2,ClassGen
home,48,gpb,11.740686854316666,10.905906811816665,25_25,2,2,ClassGen
import,25,gpb,5.69918208294,5.65483607758,25_25,2,2,ClassGen
import,26,gpb,4.332134721280001,4.387900145020001,25_25,2,2,ClassGen
import,27,gpb,5.06810025878,5.86061210206,25_25,2,2,ClassGen
import,28,gpb,4.8960603779400005,4.974097650040001,25_25,2,2,ClassGen
import,29,gpb,6.1518749776999995,5.959823135740001,25_25,2,2,ClassGen
import,30,gpb,6.759754304019999,7.0781109751599995,25_25,2,2,ClassGen
import,31,gpb,7.4818025646,7.713314266359999,25_25,2,2,ClassGen
import,32,gpb,7.07716246066,7.50711301126,25_25,2,2,ClassGen
import,33,gpb,9.26136238074,9.438912570860001,25_25,2,2,ClassGen
import,34,gpb,8.263001411300001,8.76697653714,25_25,2,2,ClassGen
import,35,gpb,8.30633971872,8.852139353550001,25_25,2,2,ClassGen
import,36,gpb,8.923502903022223,9.50107531731111,25_25,2,2,ClassGen
import,37,gpb,10.588634081911112,10.965975209477778,25_25,2,2,ClassGen
import,38,gpb,9.399294899022221,9.857352560622223,25_25,2,2,ClassGen
import,39,gpb,9.5798545934,10.040572594883335,25_25,2,2,ClassGen
import,40,gpb,11.39777455435,11.677565424933332,25_25,2,2,ClassGen
import,41,gpb,10.871976489,11.266955151066668,25_25,2,2,ClassGen
import,42,gpb,10.636068129716667,11.4258323368,25_25,2,2,ClassGen
import,43,gpb,11.867279201366665,12.289726349300002,25_25,2,2,ClassGen
import,44,gpb,11.542071146783334,12.433146598966665,25_25,2,2,ClassGen
import,45,gpb,12.654744885866668,13.396540597283334,25_25,2,2,ClassGen
import,46,gpb,12.269045806116667,13.219659267650002,25_25,2,2,ClassGen
import,47,gpb,13.270966344133335,14.20452936195,25_25,2,2,ClassGen
import,48,gpb,13.770689223499998,13.785522341866667,25_25,2,2,ClassGen
home,35,gpb,7.021859055749999,6.2903199324750005,50_50,2,2,ClassGen
home,36,gpb,7.297127833799999,6.610325666085715,50_50,2,2,ClassGen
home,37,gpb,7.233995224314286,6.7526585701999995,50_50,2,2,ClassGen
home,38,gpb,9.301895325583333,8.587651686566666,50_50,2,2,ClassGen
home,39,gpb,8.224572243516667,7.827890989299999,50_50,2,2,ClassGen
home,40,gpb,8.73372020585,8.360128203266667,50_50,2,2,ClassGen
home,41,gpb,10.898890596383334,10.526557650733334,50_50,2,2,ClassGen
home,42,gpb,11.012836469266666,11.044769182433333,50_50,2,2,ClassGen
home,43,gpb,11.121323034933333,11.278735479449999,50_50,2,2,ClassGen
home,44,gpb,12.455082814550002,12.680439844033332,50_50,2,2,ClassGen
home,45,gpb,11.781849938283335,11.294414835233333,50_50,2,2,ClassGen
home,46,gpb,12.332718510066664,12.13873210235,50_50,2,2,ClassGen
home,47,gpb,13.3487463717,13.131771554733334,50_50,2,2,ClassGen
home,48,gpb,13.422610752650002,12.963960818133335,50_50,2,2,ClassGen
import,25,gpb,5.211969438540001,5.3024223448,50_50,2,2,ClassGen
import,26,gpb,4.39828621838,4.177976511580001,50_50,2,2,ClassGen
import,27,gpb,5.4506622451,5.67851521754,50_50,2,2,ClassGen
import,28,gpb,5.65795500726,5.933924058900001,50_50,2,2,ClassGen
import,29,gpb,5.19640253676,5.45857768746,50_50,2,2,ClassGen
import,30,gpb,6.046612652179999,6.1820900998,50_50,2,2,ClassGen
import,31,gpb,7.7209065074400005,7.385801154339999,50_50,2,2,ClassGen
import,32,gpb,7.24492593604,8.02550455654,50_50,2,2,ClassGen
import,33,gpb,8.175038767360002,8.56735238776,50_50,2,2,ClassGen
import,34,gpb,8.549301891879999,8.947693843660002,50_50,2,2,ClassGen
import,35,gpb,9.311368188211112,9.712625818266666,50_50,2,2,ClassGen
import,36,gpb,9.04901002533,9.85882603397,50_50,2,2,ClassGen
import,37,gpb,10.03828196198,10.314742505489999,50_50,2,2,ClassGen
import,38,gpb,10.820417043925001,11.3737966953375,50_50,2,2,ClassGen
import,39,gpb,10.019053411966667,11.234595272499996,50_50,2,2,ClassGen
import,40,gpb,10.12416963575,10.652018136883333,50_50,2,2,ClassGen
import,41,gpb,11.3246880552,12.044248627316668,50_50,2,2,ClassGen
import,42,gpb,11.991451925200002,12.981017798299996,50_50,2,2,ClassGen
import,43,gpb,12.206226708916667,12.63481269785,50_50,2,2,ClassGen
import,44,gpb,12.097476267433334,13.093260324566666,50_50,2,2,ClassGen
import,45,gpb,13.076940120683332,13.581622140766667,50_50,2,2,ClassGen
import,46,gpb,13.014805573716666,13.901178446166668,50_50,2,2,ClassGen
import,47,gpb,13.010194593450002,14.0363972578,50_50,2,2,ClassGen
import,48,gpb,13.654334390216667,15.060171482583334,50_50,2,2,ClassGen
home,35,gpb,7.045367134799999,6.159843337266667,100_100,2,2,ClassGen
home,36,gpb,7.191361475542857,7.0814713658,100_100,2,2,ClassGen
home,37,gpb,7.608658790850001,7.42220513535,100_100,2,2,ClassGen
home,38,gpb,7.115507972233334,7.509495917683334,100_100,2,2,ClassGen
import,25,gpb,5.3227782024,5.53458966772,100_100,2,2,ClassGen
import,26,gpb,4.332134721280001,4.387900145020001,100_100,2,2,ClassGen
import,27,gpb,5.8262511213,5.79709146614,100_100,2,2,ClassGen
import,28,gpb,5.6950844288999996,5.64217803054,100_100,2,2,ClassGen
import,29,gpb,5.6159156881,5.9668224209,100_100,2,2,ClassGen
import,30,gpb,5.9881938772000005,6.22917547836,100_100,2,2,ClassGen
import,31,gpb,7.41718100718,7.542765274500001,100_100,2,2,ClassGen
import,32,gpb,8.21950180456,8.53002446894,100_100,2,2,ClassGen
import,33,gpb,7.723680449860001,8.04892569348,100_100,2,2,ClassGen
import,34,gpb,8.452899194600002,9.050050927660001,100_100,2,2,ClassGen
import,35,gpb,8.9943757296125,9.610158476125001,100_100,2,2,ClassGen
import,36,gpb,9.057924727525,9.4824808306875,100_100,2,2,ClassGen
import,37,gpb,9.21635528827,9.6123661481,100_100,2,2,ClassGen
import,38,gpb,9.95271288491,10.37285417546,100_100,2,2,ClassGen
import,39,gpb,9.397359387233333,10.349632451666666,100_100,2,2,ClassGen
import,40,gpb,10.736104661683335,11.215950906533331,100_100,2,2,ClassGen
import,41,gpb,11.050125716316666,11.792827465733334,100_100,2,2,ClassGen
import,42,gpb,10.714637654,11.305400090583333,100_100,2,2,ClassGen
import,43,gpb,11.713235141666667,12.770721896833335,100_100,2,2,ClassGen
import,44,gpb,12.613928836466668,12.6267135536,100_100,2,2,ClassGen
import,45,gpb,12.315422681950002,13.37529083575,100_100,2,2,ClassGen
import,46,gpb,11.948327499466666,12.7989698987,100_100,2,2,ClassGen
import,47,gpb,12.069406762599998,13.011217772716668,100_100,2,2,ClassGen
import,48,gpb,12.262700070016665,13.33704227975,100_100,2,2,ClassGen
home,35,gpb,6.200746473216667,5.577318250666667,0_100,2,2,ClassGen
home,36,gpb,6.809520216039999,6.482572386620001,0_100,2,2,ClassGen
home,37,gpb,6.7870705904,6.241967319771428,0_100,2,2,ClassGen
home,38,gpb,7.2933360909,6.610626124933333,0_100,2,2,ClassGen
home,39,gpb,7.0175650539,6.773992060233333,0_100,2,2,ClassGen
home,40,gpb,9.11361175795,8.410385701366666,0_100,2,2,ClassGen
home,41,gpb,10.359515455733332,10.216920469883334,0_100,2,2,ClassGen
home,42,gpb,10.011679189250001,9.284713873283334,0_100,2,2,ClassGen
home,43,gpb,10.74684147583333,10.2683865345,0_100,2,2,ClassGen
home,44,gpb,10.393082189466668,10.697750469366667,0_100,2,2,ClassGen
home,45,gpb,11.140055265533332,10.792877595833334,0_100,2,2,ClassGen
home,46,gpb,11.226952536033332,11.778773340516665,0_100,2,2,ClassGen
home,47,gpb,11.7023617447,12.089220360550001,0_100,2,2,ClassGen
home,48,gpb,11.978296232633332,12.10548192655,0_100,2,2,ClassGen
import,25,gpb,5.610359690120001,5.53496560762,0_100,2,2,ClassGen
import,26,gpb,4.332134721280001,4.387900145020001,0_100,2,2,ClassGen
import,27,gpb,5.61575982118,5.724640859259999,0_100,2,2,ClassGen
import,28,gpb,5.62661747606,5.716859161740001,0_100,2,2,ClassGen
import,29,gpb,6.638795258739999,6.7241263814600005,0_100,2,2,ClassGen
import,30,gpb,4.9447057784,5.0525150096399996,0_100,2,2,ClassGen
import,31,gpb,7.705523145620001,8.161681336300001,0_100,2,2,ClassGen
import,32,gpb,6.983574013100001,7.4094336835600005,0_100,2,2,ClassGen
import,33,gpb,7.52137451628,7.826220183240001,0_100,2,2,ClassGen
import,34,gpb,8.45075386762,8.9652663144,0_100,2,2,ClassGen
import,35,gpb,8.62456798014,8.958079601929999,0_100,2,2,ClassGen
import,36,gpb,9.063255672724999,9.694237764075,0_100,2,2,ClassGen
import,37,gpb,9.68603786868,10.07134435832,0_100,2,2,ClassGen
import,38,gpb,9.504653230612501,10.1969442563625,0_100,2,2,ClassGen
import,39,gpb,10.250792780416667,10.840676750383333,0_100,2,2,ClassGen
import,40,gpb,10.166767375816667,10.90319741065,0_100,2,2,ClassGen
import,41,gpb,10.3135535351,10.993905414566667,0_100,2,2,ClassGen
import,42,gpb,11.054946678333332,12.161667293616667,0_100,2,2,ClassGen
import,43,gpb,11.2510329793,12.360370587216666,0_100,2,2,ClassGen
import,44,gpb,11.459212151916667,12.382350923633334,0_100,2,2,ClassGen
import,45,gpb,11.707424636066667,12.813973989099999,0_100,2,2,ClassGen
import,46,gpb,12.175948438749998,13.398418571833332,0_100,2,2,ClassGen
import,47,gpb,12.936849748383333,13.7459012716,0_100,2,2,ClassGen
import,48,gpb,12.406442385566669,13.8565038318,0_100,2,2,ClassGen
home,25,gpb,4.7373817174666675,3.9882041500666667,10_10,2,2,GenGen
home,26,gpb,3.0175883516285715,2.492988026457143,10_10,2,2,GenGen
home,27,gpb,4.841544761775,3.7879732741750005,10_10,2,2,GenGen
home,28,gpb,3.41854306385,2.2455967211166663,10_10,2,2,GenGen
home,29,gpb,4.453476111616666,3.572625127683333,10_10,2,2,GenGen
home,30,gpb,4.688255178133334,4.103881060066667,10_10,2,2,GenGen
home,31,gpb,6.1043644019166665,5.533828244183334,10_10,2,2,GenGen
home,32,gpb,6.687453208416667,5.6779418674,10_10,2,2,GenGen
home,33,gpb,6.81184636275,5.873444444766666,10_10,2,2,GenGen
home,34,gpb,7.192645380133334,6.397705443733334,10_10,2,2,GenGen
home,35,gpb,7.603737922366666,6.746633281699999,10_10,2,2,GenGen
home,36,gpb,7.17021767705,6.655621146750001,10_10,2,2,GenGen
home,37,gpb,9.090730486583332,7.518991636316667,10_10,2,2,GenGen
home,38,gpb,8.488823711333334,7.60528342655,10_10,2,2,GenGen
home,39,gpb,9.208426473666666,7.9775205467833326,10_10,2,2,GenGen
home,40,gpb,8.905241788216667,7.57679406435,10_10,2,2,GenGen
home,41,gpb,9.096034030850001,7.828903255433334,10_10,2,2,GenGen
home,42,gpb,10.507447411216667,9.83391567845,10_10,2,2,GenGen
home,43,gpb,10.3008066412,9.495461619216666,10_10,2,2,GenGen
home,44,gpb,10.118451091016667,9.408342464166667,10_10,2,2,GenGen
home,45,gpb,10.565063346183335,9.769162682133334,10_10,2,2,GenGen
home,46,gpb,10.839341379133332,9.590981269616668,10_10,2,2,GenGen
home,47,gpb,11.101649474299998,10.098634974466668,10_10,2,2,GenGen
home,48,gpb,12.038660669483333,11.216043359216668,10_10,2,2,GenGen
import,25,gpb,5.676325097983334,6.018375059483334,10_10,2,2,GenGen
import,26,gpb,4.4029981337,4.439519147683334,10_10,2,2,GenGen
import,27,gpb,5.655293522400001,5.7749479667833326,10_10,2,2,GenGen
import,28,gpb,5.390740773016667,5.381809417666666,10_10,2,2,GenGen
import,29,gpb,6.077964031666667,5.6774854900500005,10_10,2,2,GenGen
import,30,gpb,6.3045164849166655,6.154482574,10_10,2,2,GenGen
import,31,gpb,7.450800341083333,8.102416276666666,10_10,2,2,GenGen
import,32,gpb,7.318861927983334,8.024106346133335,10_10,2,2,GenGen
import,33,gpb,8.137293220783333,8.187549075916667,10_10,2,2,GenGen
import,34,gpb,8.505004758366667,8.601430446483334,10_10,2,2,GenGen
import,35,gpb,8.8666003155,9.3057639864,10_10,2,2,GenGen
import,36,gpb,8.802240570650001,9.57166940025,10_10,2,2,GenGen
import,37,gpb,9.684319504533333,9.940760127399999,10_10,2,2,GenGen
import,38,gpb,10.167647686499999,10.349675898183333,10_10,2,2,GenGen
import,39,gpb,9.694722790583333,10.407750518016666,10_10,2,2,GenGen
import,40,gpb,10.47067311525,11.18981616375,10_10,2,2,GenGen
import,41,gpb,10.772192783083334,11.25902220485,10_10,2,2,GenGen
import,42,gpb,11.439288309016668,11.916180030466668,10_10,2,2,GenGen
import,43,gpb,12.073404299566668,12.811011757533334,10_10,2,2,GenGen
import,44,gpb,11.998864296283335,12.78503604221667,10_10,2,2,GenGen
import,45,gpb,11.8478749469,12.54701304965,10_10,2,2,GenGen
import,46,gpb,12.998890332916666,13.843741919549998,10_10,2,2,GenGen
import,47,gpb,12.630009262966666,13.721671065466666,10_10,2,2,GenGen
import,48,gpb,13.721991930716664,14.516895279616664,10_10,2,2,GenGen
home,25,gpb,4.7373817174666675,3.9882041500666667,25_25,2,2,GenGen
home,26,gpb,3.0175883516285715,2.492988026457143,25_25,2,2,GenGen
home,27,gpb,4.841544761775,3.7879732741750005,25_25,2,2,GenGen
home,28,gpb,3.41854306385,2.2455967211166663,25_25,2,2,GenGen
home,29,gpb,4.453476111616666,3.572625127683333,25_25,2,2,GenGen
home,30,gpb,4.440948390333333,3.870478428733333,25_25,2,2,GenGen
home,31,gpb,6.432117539966668,5.596423555633334,25_25,2,2,GenGen
home,32,gpb,6.0484883575333335,5.109173499783334,25_25,2,2,GenGen
home,33,gpb,7.249069377333332,6.488754268699999,25_25,2,2,GenGen
home,34,gpb,7.663573284933334,7.1647317653,25_25,2,2,GenGen
home,35,gpb,9.27376018685,8.282791337250002,25_25,2,2,GenGen
home,36,gpb,7.567966542633335,6.4781885327166675,25_25,2,2,GenGen
home,37,gpb,8.430739476566666,7.306649833983333,25_25,2,2,GenGen
home,38,gpb,8.721678018083333,8.070032672183332,25_25,2,2,GenGen
home,39,gpb,9.411965299033334,8.221959086033335,25_25,2,2,GenGen
home,40,gpb,9.035332144499998,8.182472174116667,25_25,2,2,GenGen
home,41,gpb,9.386566993916666,8.113894089516664,25_25,2,2,GenGen
home,42,gpb,10.118937971466666,9.296649870066666,25_25,2,2,GenGen
home,43,gpb,10.6874488042,9.661797196166667,25_25,2,2,GenGen
home,44,gpb,9.703778225033332,8.934909482933334,25_25,2,2,GenGen
home,45,gpb,11.164161658683332,10.727309181199999,25_25,2,2,GenGen
home,46,gpb,11.1463467895,10.708354833516665,25_25,2,2,GenGen
home,47,gpb,12.117887258866668,11.3940690349,25_25,2,2,GenGen
home,48,gpb,12.307144734366668,11.397781070633334,25_25,2,2,GenGen
import,25,gpb,5.481126577816666,5.6641139111,25_25,2,2,GenGen
import,26,gpb,4.4029981337,4.439519147683334,25_25,2,2,GenGen
import,27,gpb,4.914928560233333,5.039285354333333,25_25,2,2,GenGen
import,28,gpb,5.04570961365,5.068385292916667,25_25,2,2,GenGen
import,29,gpb,6.908649416950001,6.8234568467,25_25,2,2,GenGen
import,30,gpb,5.409664510183333,5.035317896416666,25_25,2,2,GenGen
import,31,gpb,7.771581226966666,7.8257875518999995,25_25,2,2,GenGen
import,32,gpb,6.973114263416668,7.7631630377,25_25,2,2,GenGen
import,33,gpb,8.372562041766667,8.917405316783332,25_25,2,2,GenGen
import,34,gpb,8.434055862716667,8.336112489566666,25_25,2,2,GenGen
import,35,gpb,8.0655731187,8.687557010566668,25_25,2,2,GenGen
import,36,gpb,9.3215902768,9.811805997266667,25_25,2,2,GenGen
import,37,gpb,8.838903204516667,9.435148427216667,25_25,2,2,GenGen
import,38,gpb,10.33533416995,10.498848733283333,25_25,2,2,GenGen
import,39,gpb,10.238939685183334,10.799146234816668,25_25,2,2,GenGen
import,40,gpb,10.376214588166667,10.864640904283334,25_25,2,2,GenGen
import,41,gpb,10.389192825383333,11.144896777249999,25_25,2,2,GenGen
import,42,gpb,11.049087527483332,12.096041113950001,25_25,2,2,GenGen
import,43,gpb,10.954333071816668,11.857559613866664,25_25,2,2,GenGen
import,44,gpb,12.040604600983334,12.541109061633334,25_25,2,2,GenGen
import,45,gpb,11.038544095233334,12.535645833383333,25_25,2,2,GenGen
import,46,gpb,12.612136242666667,13.208515776933332,25_25,2,2,GenGen
import,47,gpb,12.670517866016667,13.540082543133332,25_25,2,2,GenGen
import,48,gpb,13.0507438765,13.8815357775,25_25,2,2,GenGen
home,25,gpb,4.7373817174666675,3.9882041500666667,50_50,2,2,GenGen
home,26,gpb,3.0175883516285715,2.492988026457143,50_50,2,2,GenGen
home,27,gpb,4.841544761775,3.7879732741750005,50_50,2,2,GenGen
home,28,gpb,3.41854306385,2.2455967211166663,50_50,2,2,GenGen
home,29,gpb,4.453476111616666,3.572625127683333,50_50,2,2,GenGen
home,30,gpb,5.103786487850001,4.573976586966666,50_50,2,2,GenGen
home,31,gpb,6.104151301666666,4.670440334383334,50_50,2,2,GenGen
home,32,gpb,6.429878521816666,5.344442184450002,50_50,2,2,GenGen
home,33,gpb,6.236995949683333,4.851153363950001,50_50,2,2,GenGen
home,34,gpb,6.654245044433332,5.594648245916667,50_50,2,2,GenGen
home,35,gpb,7.430924298833333,6.909835025433334,50_50,2,2,GenGen
home,36,gpb,7.923374277016667,7.0913611594666675,50_50,2,2,GenGen
home,37,gpb,8.818760851216668,8.109416360283333,50_50,2,2,GenGen
home,38,gpb,8.710487158283334,8.147804379650001,50_50,2,2,GenGen
home,39,gpb,8.748632283933333,7.82882929845,50_50,2,2,GenGen
home,40,gpb,8.530022684,8.36943948225,50_50,2,2,GenGen
home,41,gpb,9.81730789995,9.246291170466668,50_50,2,2,GenGen
home,42,gpb,10.019812314683334,9.190442400666667,50_50,2,2,GenGen
home,43,gpb,10.83600655285,11.000108063316667,50_50,2,2,GenGen
home,44,gpb,10.404883260566665,9.781518152150001,50_50,2,2,GenGen
home,45,gpb,10.908553644116665,10.875410952933334,50_50,2,2,GenGen
home,46,gpb,11.714072659633336,11.449945742716666,50_50,2,2,GenGen
home,47,gpb,11.999963885133333,12.001383924783333,50_50,2,2,GenGen
home,48,gpb,12.110367362233333,11.427596257749999,50_50,2,2,GenGen
import,25,gpb,5.102117040433333,5.426516310033333,50_50,2,2,GenGen
import,26,gpb,4.4029981337,4.439519147683334,50_50,2,2,GenGen
import,27,gpb,5.4187702670333335,5.779931333466666,50_50,2,2,GenGen
import,28,gpb,5.650164171666667,5.706729331933334,50_50,2,2,GenGen
import,29,gpb,6.6398628843,6.48042327685,50_50,2,2,GenGen
import,30,gpb,4.9349801105,5.508384715599999,50_50,2,2,GenGen
import,31,gpb,6.3683790665,7.229070104983333,50_50,2,2,GenGen
import,32,gpb,6.9349238518666665,7.610767245150001,50_50,2,2,GenGen
import,33,gpb,6.896119955066665,7.783259932666666,50_50,2,2,GenGen
import,34,gpb,7.977789582500001,8.561283093783333,50_50,2,2,GenGen
import,35,gpb,8.1995047103,8.748272805333334,50_50,2,2,GenGen
import,36,gpb,8.789837473733334,9.621654826750001,50_50,2,2,GenGen
import,37,gpb,8.9612922154,9.511368726499999,50_50,2,2,GenGen
import,38,gpb,9.560459989783334,9.92872973935,50_50,2,2,GenGen
import,39,gpb,9.498499442833335,10.108351989666666,50_50,2,2,GenGen
import,40,gpb,9.835971734683334,10.746855562599999,50_50,2,2,GenGen
import,41,gpb,10.09379314665,11.046478810583332,50_50,2,2,GenGen
import,42,gpb,11.352298794649998,11.849507771833332,50_50,2,2,GenGen
import,43,gpb,10.715196863333333,11.468149225966664,50_50,2,2,GenGen
import,44,gpb,11.299729752116667,12.215364706133334,50_50,2,2,GenGen
import,45,gpb,11.6940616861,12.512329583933335,50_50,2,2,GenGen
import,46,gpb,12.166961295083333,13.57148288735,50_50,2,2,GenGen
import,47,gpb,12.779940279233335,13.609315406466665,50_50,2,2,GenGen
import,48,gpb,12.881602164483333,13.814303945366667,50_50,2,2,GenGen
home,25,gpb,4.7373817174666675,3.9882041500666667,100_100,2,2,GenGen
home,26,gpb,3.0175883516285715,2.492988026457143,100_100,2,2,GenGen
home,27,gpb,4.841544761775,3.7879732741750005,100_100,2,2,GenGen
home,28,gpb,3.41854306385,2.2455967211166663,100_100,2,2,GenGen
import,25,gpb,5.538204236033334,5.995578855066667,100_100,2,2,GenGen
import,26,gpb,4.4029981337,4.439519147683334,100_100,2,2,GenGen
import,27,gpb,5.643023833183334,6.1004844899499995,100_100,2,2,GenGen
import,28,gpb,5.546827031833334,5.7261926701000005,100_100,2,2,GenGen
import,29,gpb,5.4437314306,5.795792633833333,100_100,2,2,GenGen
import,30,gpb,5.0537463125499995,5.063127261716666,100_100,2,2,GenGen
import,31,gpb,7.957405597699999,7.926776948683334,100_100,2,2,GenGen
import,32,gpb,7.78591836475,8.06991322435,100_100,2,2,GenGen
import,33,gpb,7.580785293166666,8.200858354416667,100_100,2,2,GenGen
import,34,gpb,8.9480438025,9.499014807583334,100_100,2,2,GenGen
import,35,gpb,8.473230588133333,8.751729785333334,100_100,2,2,GenGen
import,36,gpb,8.253903695116668,8.803452013416667,100_100,2,2,GenGen
import,37,gpb,10.033037224733333,10.430909228916667,100_100,2,2,GenGen
import,38,gpb,9.793132852166666,10.466842594216665,100_100,2,2,GenGen
import,39,gpb,10.637463456033332,11.700555040783334,100_100,2,2,GenGen
import,40,gpb,10.8950281381,10.920526384650001,100_100,2,2,GenGen
import,41,gpb,10.598529701133334,10.98545888375,100_100,2,2,GenGen
import,42,gpb,12.069524941566668,12.505678259749999,100_100,2,2,GenGen
import,43,gpb,11.65039304345,12.267292282283334,100_100,2,2,GenGen
import,44,gpb,11.800682676033333,12.729729513666667,100_100,2,2,GenGen
import,45,gpb,12.206924889583332,12.807440417016666,100_100,2,2,GenGen
import,46,gpb,12.040922766783334,13.095332029966668,100_100,2,2,GenGen
import,47,gpb,12.745638877333334,13.477136729833333,100_100,2,2,GenGen
import,48,gpb,13.159887520116667,14.409616425733335,100_100,2,2,GenGen
home,25,gpb,4.7373817174666675,3.9882041500666667,0_100,2,2,GenGen
home,26,gpb,3.0175883516285715,2.492988026457143,0_100,2,2,GenGen
home,27,gpb,4.841544761775,3.7879732741750005,0_100,2,2,GenGen
home,28,gpb,3.41854306385,2.2455967211166663,0_100,2,2,GenGen
home,29,gpb,4.453476111616666,3.572625127683333,0_100,2,2,GenGen
home,30,gpb,4.799008474016667,4.202464746183334,0_100,2,2,GenGen
home,31,gpb,6.990341294149999,6.492561166733334,0_100,2,2,GenGen
home,32,gpb,6.597645194383333,5.823289446116667,0_100,2,2,GenGen
home,33,gpb,7.386579731216667,6.7658438082000005,0_100,2,2,GenGen
home,34,gpb,7.66266417165,6.900008334433334,0_100,2,2,GenGen
home,35,gpb,8.3073561166,7.731007487983334,0_100,2,2,GenGen
home,36,gpb,9.003375601850001,7.885458263083334,0_100,2,2,GenGen
home,37,gpb,8.361239028766667,7.538004559283333,0_100,2,2,GenGen
home,38,gpb,8.873285306049999,8.684828211433333,0_100,2,2,GenGen
home,39,gpb,9.309471703383334,8.548732899133334,0_100,2,2,GenGen
home,40,gpb,9.114261962683335,9.06666729925,0_100,2,2,GenGen
home,41,gpb,10.1222621948,9.6041642434,0_100,2,2,GenGen
home,42,gpb,10.246501810466667,10.588003716616667,0_100,2,2,GenGen
home,43,gpb,10.758870259116668,11.354098413466666,0_100,2,2,GenGen
home,44,gpb,11.843902391916666,11.382820076416666,0_100,2,2,GenGen
home,45,gpb,11.767116923766666,11.916502046133331,0_100,2,2,GenGen
home,46,gpb,12.504849850783332,11.938694833883334,0_100,2,2,GenGen
home,47,gpb,13.175987319699999,12.644121704883334,0_100,2,2,GenGen
home,48,gpb,13.109598781366666,12.787336537716667,0_100,2,2,GenGen
import,25,gpb,5.2421618466,6.023874258666666,0_100,2,2,GenGen
import,26,gpb,4.4029981337,4.439519147683334,0_100,2,2,GenGen
import,27,gpb,5.427818277866667,5.966640823433333,0_100,2,2,GenGen
import,28,gpb,5.314080795533333,5.41750145465,0_100,2,2,GenGen
import,29,gpb,5.895456340933333,5.593771549916667,0_100,2,2,GenGen
import,30,gpb,4.839710800983333,5.077217828766667,0_100,2,2,GenGen
import,31,gpb,7.929802937233334,7.819522295233333,0_100,2,2,GenGen
import,32,gpb,6.9071057412,7.664163654816666,0_100,2,2,GenGen
import,33,gpb,7.688785204000001,8.07531533905,0_100,2,2,GenGen
import,34,gpb,7.514996370383334,8.127908473383332,0_100,2,2,GenGen
import,35,gpb,8.929780488333334,8.936296487816668,0_100,2,2,GenGen
import,36,gpb,9.204185962183333,9.711030972816667,0_100,2,2,GenGen
import,37,gpb,8.633989885783333,9.446072193616667,0_100,2,2,GenGen
import,38,gpb,9.328678542366667,10.443711131916666,0_100,2,2,GenGen
import,39,gpb,9.954036962766667,10.747884095316666,0_100,2,2,GenGen
import,40,gpb,10.777327036716665,11.8463407294,0_100,2,2,GenGen
import,41,gpb,10.869856955049999,11.707360578716667,0_100,2,2,GenGen
import,42,gpb,11.259240942699998,11.62383409135,0_100,2,2,GenGen
import,43,gpb,12.043298234866667,13.04129463775,0_100,2,2,GenGen
import,44,gpb,12.209337556366668,12.9866677371,0_100,2,2,GenGen
import,45,gpb,12.003673661833332,13.152189851016667,0_100,2,2,GenGen
import,46,gpb,12.571319229716664,13.848705103700004,0_100,2,2,GenGen
import,47,gpb,12.743845022666667,14.099194769833332,0_100,2,2,GenGen
import,48,gpb,13.18122053845,14.288787841375,0_100,2,2,GenGen
